LABEL-1,HREF-1,LABEL-4
https://phinf.pstatic.net/tvcast/20220126_56/SoOFe_1643177735466R8ieq_PNG/1643177693347.png?type=u748_420,https://jr.naver.com/s/create_song/view?contentsNo=183904,아기상어 인어 공주 놀이 | 상어가족 | 아기상어와 노래해요 | 핑크퐁! 아기상어 올리
https://phinf.pstatic.net/tvcast/20220203_175/l4mi9_1643870470626T6VWp_JPEG/1643870397591.jpg?type=u748_420,https://jr.naver.com/s/create_song/view?contentsNo=183885,Winter Games Song | 동계 스포츠 | 인기동요 | 영어동요
https://phinf.pstatic.net/tvcast/20220204_13/0lusr_1643955367447Xvdpj_JPEG/1643955321610.jpg?type=u748_420,https://jr.naver.com/s/create_song/view?contentsNo=183878,동계 스포츠송 | 동요 | 주니토니 | JunyTony
https://phinf.pstatic.net/tvcast/20220126_270/YiQJu_1643177251495jFMjD_PNG/1643177194454.png?type=u748_420,https://jr.naver.com/s/create_song/view?contentsNo=183868,길 잃은 아기상어 | 상어가족 | 아기상어와 노래해요 | 핑크퐁 아기상어 올리
https://phinf.pstatic.net/tvcast/20220203_90/Lfn0h_164386457603330Aja_JPEG/1643864205565.jpg?type=u748_420,https://jr.naver.com/s/create_song/view?contentsNo=183860,태권도송 | 스포츠동요 | 주니토니 | JunyTony
https://phinf.pstatic.net/tvcast/20220203_132/xNWT9_1643870320023LvhHp_JPEG/1643870224876.jpg?type=u748_420,https://jr.naver.com/s/create_song/view?contentsNo=183854,동계 스포츠송 | 모두 함께 응원해요! | 인기동요 | 어린이동요
https://phinf.pstatic.net/tvcast/20220126_253/HujZi_1643176437465Bfp9x_PNG/1643176377675.png?type=u748_420,https://jr.naver.com/s/create_song/view?contentsNo=183828,아기상어 국악 음악회 | 핑크퐁 X 국립국악원 컬래버레이션 | 국악 동요 | 핑크퐁 인기동요
https://phinf.pstatic.net/tvcast/20220126_198/UcAfE_1643175356794p767y_PNG/1643175306353.png?type=u748_420,https://jr.naver.com/s/create_song/view?contentsNo=183817,반짝반짝 빛나는 해님 | 해님이 사라진다면? | 상어가족 | 아기상어와 노래해요
https://phinf.pstatic.net/tvcast/20220103_244/Zu8j9_1641181585761jkgAJ_JPEG/1641181520724.jpg?type=u748_420,https://jr.naver.com/s/create_song/view?contentsNo=183809,"Great Athletes  | 인기동요 | 영어동요 | 축구, 피겨 스케이팅 , 권투, 마라톤"
https://phinf.pstatic.net/tvcast/20220103_224/LVX2n_1641181287207EN8Tk_JPEG/1641181191580.jpg?type=u748_420,https://jr.naver.com/s/create_song/view?contentsNo=183788,"멋진 운동선수⚽ | 인기동요 | 어린이동요 | 축구, 피겨 스케이팅 , 권투, 마라톤"
https://phinf.pstatic.net/tvcast/20220126_83/vhsgk_1643173867917H8iww_JPEG/1643173800766.jpg?type=u748_420,https://jr.naver.com/s/create_song/view?contentsNo=183780,국악놀이 아기상어 | 얼쑤! 신명나게 불러보세 | 상어가족 | 동물동요 | 핑크퐁 인기동요
https://phinf.pstatic.net/tvcast/20220126_241/EFf9d_1643173422513dI2Kn_PNG/1643173356930.png?type=u748_420,https://jr.naver.com/s/create_song/view?contentsNo=183772,아기 상어 집에 놀러와 | 아기상어와 노래해요 | 상어가족 | 동물동요 | 핑크퐁 인기동요
https://phinf.pstatic.net/tvcast/20220126_252/8vGQU_1643162989727la37i_PNG/1643162923510.png?type=u748_420,https://jr.naver.com/s/create_song/view?contentsNo=183759,세계의 길거리 음식 | 랜선 여행 떠나요 | 아기상어 세계여행 | 핑크퐁 아기상어 올리
https://phinf.pstatic.net/tvcast/20220126_30/Tz9ve_1643173069802ztGgk_PNG/1643172542677.png?type=u748_420,https://jr.naver.com/s/create_song/view?contentsNo=183748,상어 가족 모여라 | 아기상어와 노래해요 | 상어가족 | 동물동요 | 핑크퐁 인기동요
https://phinf.pstatic.net/tvcast/20220126_188/EXG0a_16431627443609jAaP_PNG/1643162661941.png?type=u748_420,https://jr.naver.com/s/create_song/view?contentsNo=183711,신나는 생일 파티 | 아기상어와 여행해요 | 다른 나라의 색다른 생일 축하 | 아기상어 올리
https://phinf.pstatic.net/tvcast/20220117_251/nirpT_1642384859554dOAV7_JPEG/1642384807826.jpg?type=u748_420,https://jr.naver.com/s/create_song/view?contentsNo=183700,Spinning Basket | 인기동요 | 어린이동요 | 테마파크송
https://phinf.pstatic.net/tvcast/20220126_202/7kbi5_1643162500173TBnwW_PNG/1643162400916.png?type=u748_420,https://jr.naver.com/s/create_song/view?contentsNo=183688,세계의 다리 | 아기상어 세계여행 | 랜선 여행 떠나요 | 핑크퐁 아기상어 올리
https://phinf.pstatic.net/tvcast/20220126_151/8kcJ1_1643173564304SYQTa_PNG/1643173546010.png?type=u748_420,https://jr.naver.com/s/create_song/view?contentsNo=183679,Vegetable song (야채송) | 맛있는 채소들을 알려줄게요! | 인기동요 | 습관동요 | 치타부
https://phinf.pstatic.net/tvcast/20220117_180/F3YTH_1642384658612ADHQX_JPEG/1642384589735.jpg?type=u748_420,https://jr.naver.com/s/create_song/view?contentsNo=183676,빙글 뱅글 회전바구니 | 인기동요 | 어린이동요 | 놀이기구를 타요
https://phinf.pstatic.net/tvcast/20220121_283/tGFCL_1642741406633mf7zF_JPEG/1642740205139.jpg?type=u748_420,https://jr.naver.com/s/create_song/view?contentsNo=183654,"Construction Vehicle, Car Songs | 중장비, 포클레인, 경찰차 외 | 인기동요 | 영어동요"
https://phinf.pstatic.net/tvcast/20220124_48/HGgtM_16430122930400SY3K_PNG/1643012291694.png?type=u748_420,https://jr.naver.com/s/create_song/view?contentsNo=183649,[ENG sub] 딸기쏭 | 창작동요 | 과일동요 | 숫자쏭 시리즈 | 치타부 X 숫자쏭 컴퍼니
https://phinf.pstatic.net/tvcast/20220121_145/x9x8t_1642739156491I6XJ5_JPEG/1642738796544.jpg?type=u748_420,https://jr.naver.com/s/create_song/view?contentsNo=183648,"중장비, 자동차 동요 모음 | 중장비, 포클레인, 경찰차 외 | 인기동요 | 어린이동요"
https://phinf.pstatic.net/tvcast/20211213_246/mfZci_16393764745332GaNO_PNG/1639376336034.png?type=u748_420,https://jr.naver.com/s/create_song/view?contentsNo=183642,공룡호신술송 | 공룡송 | 인기동요 | 창작동요 [깨비키즈 KEBIKIDS]
https://phinf.pstatic.net/tvcast/20220121_182/74cAo_1642758532790WgM21_PNG/1642758472556.png?type=u748_420,https://jr.naver.com/s/create_song/view?contentsNo=183606,개미가족의 행진 외 인기동요 연속 듣기 | 동요 모음 | 치타부
https://phinf.pstatic.net/tvcast/20220111_147/P42IR_1641860645787XkvwI_JPEG/1641860598390.jpg?type=u748_420,https://jr.naver.com/s/create_song/view?contentsNo=183146,Bang Bang Bumper Car | 인기동요 | 영어동요 | 테마파크
https://phinf.pstatic.net/tvcast/20220117_287/18K2G_1642398892381Jwdd0_PNG/1642398836373.png?type=u748_420,https://jr.naver.com/s/create_song/view?contentsNo=183134,Just Like You (너처럼쏭) | 영어동요 | 인기동요 | 치타부 X 숫자쏭 컴퍼니
https://phinf.pstatic.net/tvcast/20220111_102/fPtTC_1641860444751lGdCJ_JPEG/1641860215563.jpg?type=u748_420,https://jr.naver.com/s/create_song/view?contentsNo=183132,쿵쿵 범퍼카 | 인기동요 | 어린이동요 | 놀이공원에서 듣는 동요
https://phinf.pstatic.net/tvcast/20211213_56/r3zSo_16393773520539HPs8_PNG/1639377138820.png?type=u748_420,https://jr.naver.com/s/create_song/view?contentsNo=183120,공룡을 잡았다 | 공룡송 | 인기동요 | 창작동요 [깨비키즈 KEBIKIDS]
https://phinf.pstatic.net/tvcast/20220114_42/AfX54_1642143104575Fs3TX_PNG/1642143055738.png?type=u748_420,https://jr.naver.com/s/create_song/view?contentsNo=183079,야채송 | 골고루 먹어요! | 어린이 습관 인기동요 | 어린이 교육 | 치타부
https://phinf.pstatic.net/tvcast/20220110_63/J8e2n_1641806449493CxCY0_JPEG/1641806435347.jpg?type=u748_420,https://jr.naver.com/s/create_song/view?contentsNo=183073,양궁송 | 스포츠동요 | 주니토니 | JunyTony
https://phinf.pstatic.net/tvcast/20220113_234/bAKPH_1642050892034znSTD_PNG/1642050889138.png?type=u748_420,https://jr.naver.com/s/create_song/view?contentsNo=183047,12월 BEST 인기 동요 모음집 | Nursery rhymes | 어린이 동요 | 키즈송 | 치타부
https://phinf.pstatic.net/tvcast/20220113_142/XE5Wl_1642067682205CScMB_PNG/1642067679774.png?type=u748_420,https://jr.naver.com/s/create_song/view?contentsNo=183037,Brush your teeth | 영어동요 | 치카치카 양치송 | 습관 동요 | 인기 동요 | 치타부
https://phinf.pstatic.net/tvcast/20220110_226/uqqyN_1641784966669uX5pr_JPEG/1641784902258.jpg?type=u748_420,https://jr.naver.com/s/create_song/view?contentsNo=183015,Excavator Song | 중장비 송 | 인기동요 | 영어동요 | Construction Vehicle
https://phinf.pstatic.net/tvcast/20220111_185/dOATK_1641866428847fF2BE_PNG/1641866423311.png?type=u748_420,https://jr.naver.com/s/create_song/view?contentsNo=182996,너처럼쏭 (Just like you Song) | 인기동요 | 창작동요 | 치타부 X 숫자쏭 컴퍼니
https://phinf.pstatic.net/tvcast/20220110_177/Uzhbd_1641784302912lmy6A_JPEG/1641784134257.jpg?type=u748_420,https://jr.naver.com/s/create_song/view?contentsNo=182995,포클레인 송 | 중장비 송 | 인기동요 | 어린이동요 | 천하장사 포클레인
https://phinf.pstatic.net/tvcast/20211213_241/9JQgV_163937212752687nT7_PNG/1639371871939.png?type=u748_420,https://jr.naver.com/s/create_song/view?contentsNo=182984,공룡화석송2 | 공룡송 | 인기동요 | 창작동요 [깨비키즈 KEBIKIDS]
https://phinf.pstatic.net/tvcast/20220107_148/uqdsG_1641541870373R8dJy_PNG/1641541802682.png?type=u748_420,https://jr.naver.com/s/create_song/view?contentsNo=182953,공주왕자송 외 신나는 인기 동요모음 | 동요 모음 | 키즈송 Nursery rhymes | 치타부
https://phinf.pstatic.net/tvcast/20211227_149/yHfWA_1640575796538nAwS8_JPEG/1640575793447.jpg?type=u748_420,https://jr.naver.com/s/create_song/view?contentsNo=182920,Who’s the Fastest Vehicle? | 자동차송 | 인기동요 | 영어동요
https://phinf.pstatic.net/tvcast/20220105_273/aMHwm_1641366987762uTO5E_PNG/1641366938724.png?type=u748_420,https://jr.naver.com/s/create_song/view?contentsNo=182913,[ENG dub] 열 꼬마 과일송 (Ten little fruits) | 영어 동요 모음 | 숫자송 | 인기 동요 | 치타부
https://phinf.pstatic.net/tvcast/20211227_295/uRAWQ_1640575589109Gi86x_JPEG/1640575570296.jpg?type=u748_420,https://jr.naver.com/s/create_song/view?contentsNo=182910,누가 제일 빠를까요?✈ | 부릉부릉 자동차 | 인기동요 | 어린이동요
https://phinf.pstatic.net/tvcast/20211227_94/EeI0t_16405753619835lm2W_JPEG/1640575292189.jpg?type=u748_420,https://jr.naver.com/s/create_song/view?contentsNo=182882,Otter Song | 동물송 | 인기동요 | 영어동요
https://phinf.pstatic.net/tvcast/20220103_223/zdAkO_1641197447053H1Jc2_PNG/1641197445108.png?type=u748_420,https://jr.naver.com/s/create_song/view?contentsNo=182868,[ENG sub] 치카치카 양치송 | 생활습관 | 어린이 인기동요 | 습관송 | 치타부
https://phinf.pstatic.net/tvcast/20211227_221/HzW1C_16405746612968XEpc_JPEG/1640574568090.jpg?type=u748_420,https://jr.naver.com/s/create_song/view?contentsNo=182865,달아달아 수달아 | 동물송 | 인기동요 | 어린이동요
https://phinf.pstatic.net/tvcast/20211210_54/oI6yj_16391119001250EMGO_PNG/1639111661061.png?type=u748_420,https://jr.naver.com/s/create_song/view?contentsNo=182857,공룡처럼 해봐요 | 창작동요 | 생활동요 [깨비키즈 KEBIKIDS]
https://phinf.pstatic.net/tvcast/20211231_207/h5nDl_1640933553784R7kmw_PNG/1640933501433.png?type=u748_420,https://jr.naver.com/s/create_song/view?contentsNo=182822,BINGO (빙고) | 영어동요 | Mother goose | 인기동요 | Nusrey rhymes | #치타부
https://phinf.pstatic.net/tvcast/20211227_115/2su2D_16405698080153O19l_JPEG/1640569745290.jpg?type=u748_420,https://jr.naver.com/s/create_song/view?contentsNo=182792,New Year’s Wishes  | 인기동요 | 영어동요 | 새해 맞이 동요
https://phinf.pstatic.net/tvcast/20211222_111/37FA0_1640151650040WLFjI_PNG/1640151604989.png?type=u748_420,https://jr.naver.com/s/create_song/view?contentsNo=182782,Let's Move Out! Police Cars (출동! 경찰차!) | 영어동요 | 인기동요 | 자동차 구조대 | 치타부
https://phinf.pstatic.net/tvcast/20211223_139/8At3O_1640248071568rk3lr_JPEG/1640248019656.jpg?type=u748_420,https://jr.naver.com/s/create_song/view?contentsNo=182776,새해 소원을 말해봐요 | 인기동요 | 어린이동요 | 새해맞이
https://phinf.pstatic.net/tvcast/20211221_55/iox2g_1640047965781WBbYB_JPEG/1640047897453.jpg?type=u748_420,https://jr.naver.com/s/create_song/view?contentsNo=182751,바다사자 & 물범 송 | We Are Different | 인기동요 | 어린이동요
https://phinf.pstatic.net/tvcast/20211222_88/b355A_164014661270472Ixx_PNG/1640146387518.png?type=u748_420,https://jr.naver.com/s/create_song/view?contentsNo=182739,빙고 | 인기동요 | 마더구스 | 신나는 율동 동요 | 치타부
https://phinf.pstatic.net/tvcast/20211221_184/k7nFQ_1640047777790vvTR8_JPEG/1640047697159.jpg?type=u748_420,https://jr.naver.com/s/create_song/view?contentsNo=182738,바다사자와 물범 | 우린 달라달라 | 인기동요 | 어린이동요
https://phinf.pstatic.net/tvcast/20211215_63/YoNGw_1639536331101GvsWW_JPEG/1639536278440.jpg?type=u748_420,https://jr.naver.com/s/create_song/view?contentsNo=182719,"Twinkle, Twinkle Big Idols⭐ | 인기동요 | 영어동요 | 반짝반짝 꿈을 꿔~"
https://phinf.pstatic.net/tvcast/20211215_80/4Dxsh_1639536075153QtESP_JPEG/1639536061151.jpg?type=u748_420,https://jr.naver.com/s/create_song/view?contentsNo=182699,반짝반짝 아이돌⭐ | 인기동요 | 어린이동요 | 아름다운 꿈을 꿔~
https://phinf.pstatic.net/tvcast/20211222_38/2nCzj_1640140529370vi64O_PNG/1640140479938.png?type=u748_420,https://jr.naver.com/s/create_song/view?contentsNo=182674,치타부 징글벨 + 구조대송 모음 | 인기동요 | 영어 동요 | 크리스마스 캐롤 | 치타부
https://phinf.pstatic.net/tvcast/20211222_265/63JkI_1640148305255bdPsV_PNG/1640148303547.png?type=u748_420,https://jr.naver.com/s/create_song/view?contentsNo=182609,Let's Go Helicopter! (출동!헬리콥터) | 영어동요 | 자동차 동요 | 구조대송 | 치타부
https://phinf.pstatic.net/tvcast/20211221_101/emvKS_1640055521939Ja9LA_PNG/1640055520199.png?type=u748_420,https://jr.naver.com/s/create_song/view?contentsNo=182545,[ENG sub] 출동! 경찰차!(Let's go! Police Car) | 자동차송 | 인기동요 | 신나는 동요 | 치타부
https://phinf.pstatic.net/tvcast/20211111_244/I1YiG_1636605459013LjUsr_PNG/1636605144097.png?type=u748_420,https://jr.naver.com/s/create_song/view?contentsNo=182532,아기상어 크리스마스송 | 창작동요 | 생활동요 [깨비키즈 KEBIKIDS]
https://phinf.pstatic.net/tvcast/20211216_74/WqUPe_1639620394620hcQIq_JPEG/1639620355593.jpg?type=u748_420,https://jr.naver.com/s/create_song/view?contentsNo=182446,Let's Grow Tall (키크기송) | 영어동요 | 어린이 율동 건강체조 | 인기동요 | 체육놀이 | 치타부
https://phinf.pstatic.net/tvcast/20211220_46/1RxA3_1639987129501HS0Lj_PNG/1639987127419.png?type=u748_420,https://jr.naver.com/s/create_song/view?contentsNo=182345,출동! 헬리콥터 (Let's go Helicopter!) | 구조대송 | 인기동요 | 자동차송 | 치타부
https://phinf.pstatic.net/tvcast/20211111_100/fTSEk_1636596361968hnsFW_PNG/1636596112431.png?type=u748_420,https://jr.naver.com/s/create_song/view?contentsNo=182327,아기공룡 크리스마스송 | 창작동요 | 생활동요 [깨비키즈 KEBIKIDS]
https://phinf.pstatic.net/tvcast/20211210_171/NjcZK_1639095033015s9Abm_JPEG/1639094747000.jpg?type=u748_420,https://jr.naver.com/s/create_song/view?contentsNo=182295,Cheetahboo Jinglebells(치타부 징글벨) | 영어동요 | 크리스마스 캐롤송 | 어린이 동요 | 치타부
https://phinf.pstatic.net/tvcast/20211202_133/9Aka7_16384378671324vKd5_JPEG/1638436553522.jpg?type=u748_420,https://jr.naver.com/s/create_song/view?contentsNo=182263,Car Wash Song  | 인기동요 | 영어동요 | 뽀득뽀득 세차송
https://phinf.pstatic.net/tvcast/20211208_23/bDB5g_1638946380127whPi7_JPEG/1638946294772.jpg?type=u748_420,https://jr.naver.com/s/create_song/view?contentsNo=182255,It's meal time  (밥 먹을 땐 따라해요) | 영어동요 | 인기동요 | 식사송 | 식사예절 | 치타부
https://phinf.pstatic.net/tvcast/20211213_272/wIraO_1639355171825BB6ow_JPEG/1639355166096.jpg?type=u748_420,https://jr.naver.com/s/create_song/view?contentsNo=182254,"Hi, I’m a YouTuber⭐ | 인기동요 | 영어동요 | 내 꿈은 유튜버"
https://phinf.pstatic.net/tvcast/20211129_37/CUDjD_1638149963291g9fQY_JPEG/1638149854309.jpg?type=u748_420,https://jr.naver.com/s/create_song/view?contentsNo=182252,세차송 | 인기동요 | 어린이동요 | 보글보글 다같이 세차해요
https://phinf.pstatic.net/tvcast/20211129_289/rOqRH_1638149672046DG2VC_JPEG/1638149520775.jpg?type=u748_420,https://jr.naver.com/s/create_song/view?contentsNo=182214,안녕 난 유튜버야⭐ | 인기동요 | 어린이동요 | 꼬마 유튜버 직업체험
https://phinf.pstatic.net/tvcast/20211206_116/b5p8l_1638778240668S8zOY_JPEG/1638778213440.jpg?type=u748_420,https://jr.naver.com/s/create_song/view?contentsNo=182209,치타부 징글벨 | 크리스마스 캐롤 | 캐롤송 | Nursery rhymes | 산타와 루돌프 | 치타부
https://phinf.pstatic.net/tvcast/20211110_71/6WI1X_16365236261967uYqA_PNG/1636523334774.png?type=u748_420,https://jr.naver.com/s/create_song/view?contentsNo=182185,사과송 | 창작동요 | 생활동요 [깨비키즈 KEBIKIDS]
https://phinf.pstatic.net/tvcast/20211203_201/dyJjv_1638517520114FtDoE_JPEG/1638517470910.jpg?type=u748_420,https://jr.naver.com/s/create_song/view?contentsNo=182157,히코리 디코리 덕(Hickory Dickory dock) | 인기+영어동요 | 동요모음 | 마더구스 | 치타부
https://phinf.pstatic.net/tvcast/20211215_95/d09Fl_16395533050884VkoD_JPEG/1639553301364.jpg?type=u748_420,https://jr.naver.com/s/create_song/view?contentsNo=182122,Winter Song❄ | 인기동요 | 영어동요 | 하얀 눈 좋아좋아
https://phinf.pstatic.net/tvcast/20211201_180/TCweM_1638324746121mGzcm_JPEG/1638324656355.jpg?type=u748_420,https://jr.naver.com/s/create_song/view?contentsNo=182105,Ten Little Yellow Fruits | 영어동요 | 열꼬마 노란과일 | 인기동요 | 숫자송 | 치타부
https://phinf.pstatic.net/tvcast/20211122_168/BLpUW_1637558016733Ectnz_JPEG/1637558010547.jpg?type=u748_420,https://jr.naver.com/s/create_song/view?contentsNo=182103,겨울이 참 좋아 ☃ | 인기동요 | 어린이동요 | 새하얀 눈이 펑펑펑
https://phinf.pstatic.net/tvcast/20211118_100/b31lg_16371983618911KIIe_JPEG/1637198360089.jpg?type=u748_420,https://jr.naver.com/s/create_song/view?contentsNo=181801,밥 먹을 때 따라해요 외 6곡 | 키즈송 |신나는 인기 동요 모음 | 어린이 애니메이션 | 치타부
https://phinf.pstatic.net/tvcast/20211110_27/Dm0mS_1636529396426AY8QG_PNG/1636529391783.png?type=u748_420,https://jr.naver.com/s/create_song/view?contentsNo=181223,[ENG dub] Skidamarink (스키다마링크) | 영어동요 | 마더구스 | Kids song | 치타부
https://phinf.pstatic.net/tvcast/20211108_285/GDMBy_1636333574245JSxx0_JPEG/1636333570511.jpg?type=u748_420,https://jr.naver.com/s/create_song/view?contentsNo=181183,[ENG sub] 열 꼬마 노란 과일 | 숫자송 | 과일 숫자 세기 | 숫자 동요 | 인기동요 | 치타부
https://phinf.pstatic.net/tvcast/20211103_60/Q85ee_1635903794672gPG0G_JPEG/1635903792894.jpg?type=u748_420,https://jr.naver.com/s/create_song/view?contentsNo=181111,[ENG dub] Hickory Dickory Dock | 히코리 디코리 덕 | 영어 인기 동요 | Nursery rhymes | 치타부
https://phinf.pstatic.net/tvcast/20211130_31/MU7JU_1638245046617C7Dn9_JPEG/1638245044759.jpg?type=u748_420,https://jr.naver.com/s/create_song/view?contentsNo=182060,키크기송 | 어린이 율동 체조 | 습관송 | 키 커지는 방법 | 유아동요 | 인기동요 | 치타부
https://phinf.pstatic.net/tvcast/20211026_130/HJEkt_1635228600733NgXIc_PNG/1635228406823.png?type=u748_420,https://jr.naver.com/s/create_song/view?contentsNo=182050,자동차송 | 그리기동요 | 창작동요 | 생활동요 [깨비키즈 KEBIKIDS]
https://phinf.pstatic.net/tvcast/20211126_50/qgoXE_1637912364999oiNPo_JPEG/1637912362090.jpg?type=u748_420,https://jr.naver.com/s/create_song/view?contentsNo=182001,호떡송 | 겨울철 간식하면 바로 호떡~! 신나는 호떡송 불러봐요! | 치타부
https://phinf.pstatic.net/tvcast/20211019_82/uL8yE_1634624530387q2YSo_JPEG/1634624460556.jpg?type=u748_420,https://jr.naver.com/s/create_song/view?contentsNo=181959,Beluga-luga | 인기동요 | 영어동요 | 호기심 많은 벨루가
https://phinf.pstatic.net/tvcast/20211124_85/23BSe_1637739466978qpEVK_JPEG/1637739464111.jpg?type=u748_420,https://jr.naver.com/s/create_song/view?contentsNo=181936,[ENG dub] Pat a Cake | 케이크를 만들자 | 영어동요 | 마더구스 | 인기동요 | #치타부
https://phinf.pstatic.net/tvcast/20211019_151/AzDh6_1634624314801rEJyD_JPEG/1634624134310.jpg?type=u748_420,https://jr.naver.com/s/create_song/view?contentsNo=181932,누가 벨루가? | 인기동요 | 어린이동요 | 하얀고래 벨루가
https://phinf.pstatic.net/tvcast/20211213_272/Fe1zE_1639355237212mi85R_JPEG/1639355230361.jpg?type=u748_420,https://jr.naver.com/s/create_song/view?contentsNo=181913,Construction Vehicles Song | 인기동요 | 영어동요 | 중장비 친구들
https://phinf.pstatic.net/tvcast/20211119_273/HuIKW_1637304975058HlANA_JPEG/1637304973343.jpg?type=u748_420,https://jr.naver.com/s/create_song/view?contentsNo=181902,[ENG sub]개미가족의 행진 | 마더구스 | 인기동요 | #치타부
https://phinf.pstatic.net/tvcast/20211115_86/iv471_1636940195923nvWQQ_JPEG/1636940103628.jpg?type=u748_420,https://jr.naver.com/s/create_song/view?contentsNo=181900,중장비송 | 인기동요 | 어린이동요 | 천하장사 중장비차
https://phinf.pstatic.net/tvcast/20211119_272/GGORy_1637287695913X36qj_JPEG/1637287691637.jpg?type=u748_420,https://jr.naver.com/s/create_song/view?contentsNo=181844,[ENG dub] 빵빵쏭 (BBang BBang Smile song) | 창작 영어 동요 | 치타부X숫자쏭컴퍼니
https://phinf.pstatic.net/tvcast/20211101_267/JPZid_1635731627052NiBXg_JPEG/1635731477649.jpg?type=u748_420,https://jr.naver.com/s/create_song/view?contentsNo=181816,"Help Me, Skunk | 인기동요 | 영어동요 | 방귀맨 스컹크"
https://phinf.pstatic.net/tvcast/20211101_190/rDUyq_16357308749409YjEv_JPEG/1635730757272.jpg?type=u748_420,https://jr.naver.com/s/create_song/view?contentsNo=181800,도와줘요 방귀맨! | 인기동요 | 어린이동요 | 뿡뿡뿡 스컹크
https://phinf.pstatic.net/tvcast/20211108_123/z3zv7_16363492173383Tnny_JPEG/1636349154711.jpg?type=u748_420,https://jr.naver.com/s/create_song/view?contentsNo=181776,Fire Truck Lotty  | 인기동요 | 영어동요 | 불을 꺼요 소방차!
https://phinf.pstatic.net/tvcast/20211115_205/YWCEe_1636953264412I5hhF_JPEG/1636953210477.jpg?type=u748_420,https://jr.naver.com/s/create_song/view?contentsNo=181773,수영송 | 스포츠동요 | 주니토니 | JunyTony
https://phinf.pstatic.net/tvcast/20211116_226/9BONf_1637031277426p0eM0_JPEG/1637031275728.jpg?type=u748_420,https://jr.naver.com/s/create_song/view?contentsNo=181762,[ENG sub] 공주왕자송 | The princess&the prince | 인기동요 | 신나는 동요 | 치타부
https://phinf.pstatic.net/tvcast/20211108_14/nvyeo_1636349023684AazTO_JPEG/1636348943373.jpg?type=u748_420,https://jr.naver.com/s/create_song/view?contentsNo=181760,소방차송 | 인기동요 | 어린이동요 | 로티 소방차 출동!
https://phinf.pstatic.net/tvcast/20211025_205/rmO8g_1635143816472896Yk_JPEG/1a7ccd27-355d-11ec-a331-48df379cca40_03.jpg?type=u748_420,https://jr.naver.com/s/create_song/view?contentsNo=181750,개미 백 마리송 | 동물송 | 숫자송 | 창작동요 | 애창동요 [깨비키즈 KEBIKIDS]
https://phinf.pstatic.net/tvcast/20211109_129/pCtku_16364222403452QI40_PNG/1636422115375.png?type=u748_420,https://jr.naver.com/s/create_song/view?contentsNo=181730,마리오네트 | 아기상어와 랜선 여행 떠나요 ✈️ | 핑크퐁! 인기동요
https://phinf.pstatic.net/tvcast/20211109_294/e76pr_1636420963361yM8hz_JPEG/1636420743325.jpg?type=u748_420,https://jr.naver.com/s/create_song/view?contentsNo=181729,아기상어의 하루 동요 모음집  | 아기상어와 하루 종일 | 핑크퐁! 인기 동요
https://phinf.pstatic.net/tvcast/20211109_82/cVDDu_1636422500398PCbSl_PNG/1636422481297.png?type=u748_420,https://jr.naver.com/s/create_song/view?contentsNo=181716,아기 상어와 수 세기 | 아기상어와 노래해요 3 | 핑크퐁! 인기동요
https://phinf.pstatic.net/tvcast/20211221_55/iox2g_1640047965781WBbYB_JPEG/1640047897453.jpg?type=u748_420,https://jr.naver.com/s/create_song/view?contentsNo=182751,바다사자 & 물범 송 | We Are Different | 인기동요 | 어린이동요
https://phinf.pstatic.net/tvcast/20211222_88/b355A_164014661270472Ixx_PNG/1640146387518.png?type=u748_420,https://jr.naver.com/s/create_song/view?contentsNo=182739,빙고 | 인기동요 | 마더구스 | 신나는 율동 동요 | 치타부
https://phinf.pstatic.net/tvcast/20211221_184/k7nFQ_1640047777790vvTR8_JPEG/1640047697159.jpg?type=u748_420,https://jr.naver.com/s/create_song/view?contentsNo=182738,바다사자와 물범 | 우린 달라달라 | 인기동요 | 어린이동요
https://phinf.pstatic.net/tvcast/20211215_63/YoNGw_1639536331101GvsWW_JPEG/1639536278440.jpg?type=u748_420,https://jr.naver.com/s/create_song/view?contentsNo=182719,"Twinkle, Twinkle Big Idols⭐ | 인기동요 | 영어동요 | 반짝반짝 꿈을 꿔~"
https://phinf.pstatic.net/tvcast/20211215_80/4Dxsh_1639536075153QtESP_JPEG/1639536061151.jpg?type=u748_420,https://jr.naver.com/s/create_song/view?contentsNo=182699,반짝반짝 아이돌⭐ | 인기동요 | 어린이동요 | 아름다운 꿈을 꿔~
https://phinf.pstatic.net/tvcast/20211222_38/2nCzj_1640140529370vi64O_PNG/1640140479938.png?type=u748_420,https://jr.naver.com/s/create_song/view?contentsNo=182674,치타부 징글벨 + 구조대송 모음 | 인기동요 | 영어 동요 | 크리스마스 캐롤 | 치타부
https://phinf.pstatic.net/tvcast/20211222_265/63JkI_1640148305255bdPsV_PNG/1640148303547.png?type=u748_420,https://jr.naver.com/s/create_song/view?contentsNo=182609,Let's Go Helicopter! (출동!헬리콥터) | 영어동요 | 자동차 동요 | 구조대송 | 치타부
https://phinf.pstatic.net/tvcast/20211221_101/emvKS_1640055521939Ja9LA_PNG/1640055520199.png?type=u748_420,https://jr.naver.com/s/create_song/view?contentsNo=182545,[ENG sub] 출동! 경찰차!(Let's go! Police Car) | 자동차송 | 인기동요 | 신나는 동요 | 치타부
https://phinf.pstatic.net/tvcast/20211111_244/I1YiG_1636605459013LjUsr_PNG/1636605144097.png?type=u748_420,https://jr.naver.com/s/create_song/view?contentsNo=182532,아기상어 크리스마스송 | 창작동요 | 생활동요 [깨비키즈 KEBIKIDS]
https://phinf.pstatic.net/tvcast/20211216_74/WqUPe_1639620394620hcQIq_JPEG/1639620355593.jpg?type=u748_420,https://jr.naver.com/s/create_song/view?contentsNo=182446,Let's Grow Tall (키크기송) | 영어동요 | 어린이 율동 건강체조 | 인기동요 | 체육놀이 | 치타부
https://phinf.pstatic.net/tvcast/20211220_46/1RxA3_1639987129501HS0Lj_PNG/1639987127419.png?type=u748_420,https://jr.naver.com/s/create_song/view?contentsNo=182345,출동! 헬리콥터 (Let's go Helicopter!) | 구조대송 | 인기동요 | 자동차송 | 치타부
https://phinf.pstatic.net/tvcast/20211111_100/fTSEk_1636596361968hnsFW_PNG/1636596112431.png?type=u748_420,https://jr.naver.com/s/create_song/view?contentsNo=182327,아기공룡 크리스마스송 | 창작동요 | 생활동요 [깨비키즈 KEBIKIDS]
https://phinf.pstatic.net/tvcast/20211210_171/NjcZK_1639095033015s9Abm_JPEG/1639094747000.jpg?type=u748_420,https://jr.naver.com/s/create_song/view?contentsNo=182295,Cheetahboo Jinglebells(치타부 징글벨) | 영어동요 | 크리스마스 캐롤송 | 어린이 동요 | 치타부
https://phinf.pstatic.net/tvcast/20211202_133/9Aka7_16384378671324vKd5_JPEG/1638436553522.jpg?type=u748_420,https://jr.naver.com/s/create_song/view?contentsNo=182263,Car Wash Song  | 인기동요 | 영어동요 | 뽀득뽀득 세차송
https://phinf.pstatic.net/tvcast/20211208_23/bDB5g_1638946380127whPi7_JPEG/1638946294772.jpg?type=u748_420,https://jr.naver.com/s/create_song/view?contentsNo=182255,It's meal time  (밥 먹을 땐 따라해요) | 영어동요 | 인기동요 | 식사송 | 식사예절 | 치타부
https://phinf.pstatic.net/tvcast/20211213_272/wIraO_1639355171825BB6ow_JPEG/1639355166096.jpg?type=u748_420,https://jr.naver.com/s/create_song/view?contentsNo=182254,"Hi, I’m a YouTuber⭐ | 인기동요 | 영어동요 | 내 꿈은 유튜버"
https://phinf.pstatic.net/tvcast/20211129_37/CUDjD_1638149963291g9fQY_JPEG/1638149854309.jpg?type=u748_420,https://jr.naver.com/s/create_song/view?contentsNo=182252,세차송 | 인기동요 | 어린이동요 | 보글보글 다같이 세차해요
https://phinf.pstatic.net/tvcast/20211129_289/rOqRH_1638149672046DG2VC_JPEG/1638149520775.jpg?type=u748_420,https://jr.naver.com/s/create_song/view?contentsNo=182214,안녕 난 유튜버야⭐ | 인기동요 | 어린이동요 | 꼬마 유튜버 직업체험
https://phinf.pstatic.net/tvcast/20211206_116/b5p8l_1638778240668S8zOY_JPEG/1638778213440.jpg?type=u748_420,https://jr.naver.com/s/create_song/view?contentsNo=182209,치타부 징글벨 | 크리스마스 캐롤 | 캐롤송 | Nursery rhymes | 산타와 루돌프 | 치타부
https://phinf.pstatic.net/tvcast/20211110_71/6WI1X_16365236261967uYqA_PNG/1636523334774.png?type=u748_420,https://jr.naver.com/s/create_song/view?contentsNo=182185,사과송 | 창작동요 | 생활동요 [깨비키즈 KEBIKIDS]
https://phinf.pstatic.net/tvcast/20211203_201/dyJjv_1638517520114FtDoE_JPEG/1638517470910.jpg?type=u748_420,https://jr.naver.com/s/create_song/view?contentsNo=182157,히코리 디코리 덕(Hickory Dickory dock) | 인기+영어동요 | 동요모음 | 마더구스 | 치타부
https://phinf.pstatic.net/tvcast/20211215_95/d09Fl_16395533050884VkoD_JPEG/1639553301364.jpg?type=u748_420,https://jr.naver.com/s/create_song/view?contentsNo=182122,Winter Song❄ | 인기동요 | 영어동요 | 하얀 눈 좋아좋아
https://phinf.pstatic.net/tvcast/20211201_180/TCweM_1638324746121mGzcm_JPEG/1638324656355.jpg?type=u748_420,https://jr.naver.com/s/create_song/view?contentsNo=182105,Ten Little Yellow Fruits | 영어동요 | 열꼬마 노란과일 | 인기동요 | 숫자송 | 치타부
https://phinf.pstatic.net/tvcast/20211122_168/BLpUW_1637558016733Ectnz_JPEG/1637558010547.jpg?type=u748_420,https://jr.naver.com/s/create_song/view?contentsNo=182103,겨울이 참 좋아 ☃ | 인기동요 | 어린이동요 | 새하얀 눈이 펑펑펑
https://phinf.pstatic.net/tvcast/20211118_100/b31lg_16371983618911KIIe_JPEG/1637198360089.jpg?type=u748_420,https://jr.naver.com/s/create_song/view?contentsNo=181801,밥 먹을 때 따라해요 외 6곡 | 키즈송 |신나는 인기 동요 모음 | 어린이 애니메이션 | 치타부
https://phinf.pstatic.net/tvcast/20211110_27/Dm0mS_1636529396426AY8QG_PNG/1636529391783.png?type=u748_420,https://jr.naver.com/s/create_song/view?contentsNo=181223,[ENG dub] Skidamarink (스키다마링크) | 영어동요 | 마더구스 | Kids song | 치타부
https://phinf.pstatic.net/tvcast/20211108_285/GDMBy_1636333574245JSxx0_JPEG/1636333570511.jpg?type=u748_420,https://jr.naver.com/s/create_song/view?contentsNo=181183,[ENG sub] 열 꼬마 노란 과일 | 숫자송 | 과일 숫자 세기 | 숫자 동요 | 인기동요 | 치타부
https://phinf.pstatic.net/tvcast/20211103_60/Q85ee_1635903794672gPG0G_JPEG/1635903792894.jpg?type=u748_420,https://jr.naver.com/s/create_song/view?contentsNo=181111,[ENG dub] Hickory Dickory Dock | 히코리 디코리 덕 | 영어 인기 동요 | Nursery rhymes | 치타부
https://phinf.pstatic.net/tvcast/20211130_31/MU7JU_1638245046617C7Dn9_JPEG/1638245044759.jpg?type=u748_420,https://jr.naver.com/s/create_song/view?contentsNo=182060,키크기송 | 어린이 율동 체조 | 습관송 | 키 커지는 방법 | 유아동요 | 인기동요 | 치타부
https://phinf.pstatic.net/tvcast/20211026_130/HJEkt_1635228600733NgXIc_PNG/1635228406823.png?type=u748_420,https://jr.naver.com/s/create_song/view?contentsNo=182050,자동차송 | 그리기동요 | 창작동요 | 생활동요 [깨비키즈 KEBIKIDS]
https://phinf.pstatic.net/tvcast/20211126_50/qgoXE_1637912364999oiNPo_JPEG/1637912362090.jpg?type=u748_420,https://jr.naver.com/s/create_song/view?contentsNo=182001,호떡송 | 겨울철 간식하면 바로 호떡~! 신나는 호떡송 불러봐요! | 치타부
https://phinf.pstatic.net/tvcast/20211019_82/uL8yE_1634624530387q2YSo_JPEG/1634624460556.jpg?type=u748_420,https://jr.naver.com/s/create_song/view?contentsNo=181959,Beluga-luga | 인기동요 | 영어동요 | 호기심 많은 벨루가
https://jr.naver.com/assets/img/transparent_374_210.png,https://jr.naver.com/s/create_song/view?contentsNo=181936,[ENG dub] Pat a Cake | 케이크를 만들자 | 영어동요 | 마더구스 | 인기동요 | #치타부
https://jr.naver.com/assets/img/transparent_374_210.png,https://jr.naver.com/s/create_song/view?contentsNo=181932,누가 벨루가? | 인기동요 | 어린이동요 | 하얀고래 벨루가
https://jr.naver.com/assets/img/transparent_374_210.png,https://jr.naver.com/s/create_song/view?contentsNo=181913,Construction Vehicles Song | 인기동요 | 영어동요 | 중장비 친구들
https://jr.naver.com/assets/img/transparent_374_210.png,https://jr.naver.com/s/create_song/view?contentsNo=181902,[ENG sub]개미가족의 행진 | 마더구스 | 인기동요 | #치타부
https://jr.naver.com/assets/img/transparent_374_210.png,https://jr.naver.com/s/create_song/view?contentsNo=181900,중장비송 | 인기동요 | 어린이동요 | 천하장사 중장비차
https://jr.naver.com/assets/img/transparent_374_210.png,https://jr.naver.com/s/create_song/view?contentsNo=181844,[ENG dub] 빵빵쏭 (BBang BBang Smile song) | 창작 영어 동요 | 치타부X숫자쏭컴퍼니
https://jr.naver.com/assets/img/transparent_374_210.png,https://jr.naver.com/s/create_song/view?contentsNo=181816,"Help Me, Skunk | 인기동요 | 영어동요 | 방귀맨 스컹크"
https://jr.naver.com/assets/img/transparent_374_210.png,https://jr.naver.com/s/create_song/view?contentsNo=181800,도와줘요 방귀맨! | 인기동요 | 어린이동요 | 뿡뿡뿡 스컹크
https://jr.naver.com/assets/img/transparent_374_210.png,https://jr.naver.com/s/create_song/view?contentsNo=181776,Fire Truck Lotty  | 인기동요 | 영어동요 | 불을 꺼요 소방차!
https://jr.naver.com/assets/img/transparent_374_210.png,https://jr.naver.com/s/create_song/view?contentsNo=181773,수영송 | 스포츠동요 | 주니토니 | JunyTony
https://jr.naver.com/assets/img/transparent_374_210.png,https://jr.naver.com/s/create_song/view?contentsNo=181762,[ENG sub] 공주왕자송 | The princess&the prince | 인기동요 | 신나는 동요 | 치타부
https://jr.naver.com/assets/img/transparent_374_210.png,https://jr.naver.com/s/create_song/view?contentsNo=181760,소방차송 | 인기동요 | 어린이동요 | 로티 소방차 출동!
https://phinf.pstatic.net/tvcast/20211025_205/rmO8g_1635143816472896Yk_JPEG/1a7ccd27-355d-11ec-a331-48df379cca40_03.jpg?type=u748_420,https://jr.naver.com/s/create_song/view?contentsNo=181750,개미 백 마리송 | 동물송 | 숫자송 | 창작동요 | 애창동요 [깨비키즈 KEBIKIDS]
https://phinf.pstatic.net/tvcast/20211109_129/pCtku_16364222403452QI40_PNG/1636422115375.png?type=u748_420,https://jr.naver.com/s/create_song/view?contentsNo=181730,마리오네트 | 아기상어와 랜선 여행 떠나요 ✈️ | 핑크퐁! 인기동요
https://phinf.pstatic.net/tvcast/20211109_294/e76pr_1636420963361yM8hz_JPEG/1636420743325.jpg?type=u748_420,https://jr.naver.com/s/create_song/view?contentsNo=181729,아기상어의 하루 동요 모음집  | 아기상어와 하루 종일 | 핑크퐁! 인기 동요
https://phinf.pstatic.net/tvcast/20211109_82/cVDDu_1636422500398PCbSl_PNG/1636422481297.png?type=u748_420,https://jr.naver.com/s/create_song/view?contentsNo=181716,아기 상어와 수 세기 | 아기상어와 노래해요 3 | 핑크퐁! 인기동요
https://phinf.pstatic.net/tvcast/20211006_143/Hkc5Z_1633505189420EB1gb_JPEG/1633505117926.jpg?type=u748_420,https://jr.naver.com/s/create_song/view?contentsNo=180552,Halloween Bumper Cars | 인기동요 | 영어동요 | 할로윈 놀이공원
https://phinf.pstatic.net/tvcast/20211006_133/JUaB4_16335049268004P0dc_JPEG/1633504830624.jpg?type=u748_420,https://jr.naver.com/s/create_song/view?contentsNo=180536,할로윈 범퍼카 | 인기동요 | 어린이동요 | 할로윈데이
https://phinf.pstatic.net/tvcast/20211001_76/JPiom_1633087526065iG0ou_JPEG/1633087481370.jpg?type=u748_420,https://jr.naver.com/s/create_song/view?contentsNo=180393,Halloween Candy Recipe | 인기동요 | 영어동요 | 위니위니 할로윈
https://phinf.pstatic.net/tvcast/20211001_163/a5enP_1633087378610sABBO_JPEG/1633087304491.jpg?type=u748_420,https://jr.naver.com/s/create_song/view?contentsNo=180364,할로윈 사탕 레시피| 인기동요 | 어린이동요 | 캔디팡팡
https://phinf.pstatic.net/tvcast/20210923_245/fPrHd_1632371277638fA1UP_JPEG/1632371213626.jpg?type=u748_420,https://jr.naver.com/s/create_song/view?contentsNo=180232,Skeleton Dance | 인기동요 | 영어동요 | 해골맨
https://phinf.pstatic.net/tvcast/20210923_181/aI57J_1632371178590lXngo_JPEG/1632371079476.jpg?type=u748_420,https://jr.naver.com/s/create_song/view?contentsNo=180197,스켈레톤 댄스 | 인기동요 | 어린이동요 | 할로윈파티
https://phinf.pstatic.net/tvcast/20210923_182/uJjjr_16323610807231CuGX_JPEG/1632361008766.jpg?type=u748_420,https://jr.naver.com/s/create_song/view?contentsNo=180031,Halloween Costume Party | 인기동요 | 영어동요 | Trick or Treat
https://phinf.pstatic.net/tvcast/20210923_169/DakId_1632360968860EF9Kq_JPEG/1632360774319.jpg?type=u748_420,https://jr.naver.com/s/create_song/view?contentsNo=180012,할로윈 코스튬 파티 | 인기동요 | 어린이동요 | 심장이 두근두근 할로윈
https://phinf.pstatic.net/tvcast/20211018_165/l0cNf_16345442197681tkev_JPEG/1634544145345.jpg?type=u748_420,https://jr.naver.com/s/create_song/view?contentsNo=180537,할로윈 밤(Halloween Night) | 할로윈 노래 | 창작동요 | 인기동요 | 치타부
https://phinf.pstatic.net/tvcast/20211013_62/7nBWp_1634088538161TDUhF_PNG/1634088420509.png?type=u748_420,https://jr.naver.com/s/create_song/view?contentsNo=180511,해적선 놀이 | 아기상어 올리와 바다 친구들 | 아기상어와 노래해요 3 | 핑크퐁! 인기동요
https://phinf.pstatic.net/tvcast/20211013_170/wvY5X_16340881231289eqqr_PNG/1634088042037.png?type=u748_420,https://jr.naver.com/s/create_song/view?contentsNo=180509,잠자는 숲속의 할머니상어 | 아기상어와 노래해요 3 | 핑크퐁! 인기동요
https://phinf.pstatic.net/tvcast/20211013_179/F0VTv_1634087870379aEvAz_PNG/1634087869448.png?type=u748_420,https://jr.naver.com/s/create_song/view?contentsNo=180491,상어 꼬리 찾기 | 아기상어와 노래해요 3 | 핑크퐁! 인기동요
https://phinf.pstatic.net/tvcast/20211013_32/lqgtC_1634087779955zUJVy_PNG/1634087723426.png?type=u748_420,https://jr.naver.com/s/create_song/view?contentsNo=180490,신기한 바다 친구들 | 아기상어와 노래해요 3 | 핑크퐁! 인기동요
https://phinf.pstatic.net/tvcast/20211014_136/e4RVh_1634203109692Lz1ax_JPEG/1634203090454.jpg?type=u748_420,https://jr.naver.com/s/create_song/view?contentsNo=180471,[ENG dub] 숫자쏭 Rebirth | 영어동요 | 인기동요 | 신나는 동요 | 치타부X숫자쏭컴퍼니
https://phinf.pstatic.net/tvcast/20211013_190/CrsVw_1634115551453I7yq2_JPEG/1634115549172.jpg?type=u748_420,https://jr.naver.com/s/create_song/view?contentsNo=180453,Old Cheetahboo had a farm (치타부네 농장) | 맥도날드 아저씨 농장 | 인기 영어 동요 | 치타부
https://phinf.pstatic.net/tvcast/20211013_165/QmGCQ_1634094514066yMHhr_JPEG/1634094508526.jpg?type=u748_420,https://jr.naver.com/s/create_song/view?contentsNo=180452,[ENG dub] 라면송 (Ramyeon Song) | 영어동요 | 인기 창작동요 | 먹방동요 | 치타부 동요
https://phinf.pstatic.net/tvcast/20211013_30/sPrv1_1634094634447eW1yQ_JPEG/1634094633109.jpg?type=u748_420,https://jr.naver.com/s/create_song/view?contentsNo=180451,Rain rain go away (비야비야 오지마) | 영어동요 | 인기동요 | 마더구스 | 치타부 동요
https://phinf.pstatic.net/tvcast/20211013_64/DHBYp_1634094621250z2AdV_JPEG/1634094619455.jpg?type=u748_420,https://jr.naver.com/s/create_song/view?contentsNo=180450,과자송(Snack Song) | 영어동요 | 인기동요 | 먹방동요 | 치타부 동요 | 치타부
https://phinf.pstatic.net/tvcast/20210729_27/yIFjB_1627550452127KkVxl_JPEG/1627550449397.jpg?type=u748_420,https://jr.naver.com/s/create_song/view?contentsNo=178612,부기부기쏭(Boogie Boogie Song) | 책읽기 송 | 인기동요 | 신나는 동요 | 치타부X숫자쏭컴퍼니
https://phinf.pstatic.net/tvcast/20210715_222/sRr9t_1626315918704MabFQ_JPEG/1626315916015.jpg?type=u748_420,https://jr.naver.com/s/create_song/view?contentsNo=178250,숫자쏭 댄스 외 신나는 동요 모아보기 | 율동 동요 모음 | 모아보기 | 치타부X숫자쏭컴퍼니
https://phinf.pstatic.net/tvcast/20210622_259/whzY2_1624349564298OwULH_JPEG/1624349455213.jpg?type=u748_420,https://jr.naver.com/s/create_song/view?contentsNo=177587,Number Song Rebirth (숫자쏭 리버스) | 2021년 공식 숫자쏭 시리즈 | 인기 영어 동요 | 치타부
https://phinf.pstatic.net/tvcast/20210615_26/YxQps_1623740822418fJW7v_JPEG/1623740820434.jpg?type=u748_420,https://jr.naver.com/s/create_song/view?contentsNo=177459,물개박수쏭 (Seal Clapping Song) | 숫자쏭 시리즈 | 박수놀이 | 신나는 인기 율동 동요 | 치타부
https://phinf.pstatic.net/tvcast/20210603_271/amIPt_1622707968427oPXc2_JPEG/1622707966223.jpg?type=u748_420,https://jr.naver.com/s/create_song/view?contentsNo=177330,숫자쏭 치카치카쏭 빵구쏭 연속듣기 | 동요모음 | 신나는 율동동요 | 치타부X숫자쏭컴퍼니
https://phinf.pstatic.net/tvcast/20210603_241/b6iYu_1622707902585XE0vN_JPEG/1622707897841.jpg?type=u748_420,https://jr.naver.com/s/create_song/view?contentsNo=177329,빵구쏭 (The fart song) | 방귀송 | 방구송 | 숫자쏭 시리즈 | 신나는 인기 율동 동요 | 치타부
https://phinf.pstatic.net/tvcast/20211007_140/cFFoJ_1633570317167KIODp_JPEG/1633570223656.jpg?type=u748_420,https://jr.naver.com/s/create_song/view?contentsNo=180282,아기상어 목욕송 | 아기상어의 하루 | 핑크퐁! 인기동요
https://phinf.pstatic.net/tvcast/20211007_147/5QeTA_1633568987782VyOMa_PNG/1633568916011.png?type=u748_420,https://jr.naver.com/s/create_song/view?contentsNo=180425,바다 마을 수영 대회 | 아기상어와 노래해요 3 | 핑크퐁! 인기동요
https://phinf.pstatic.net/tvcast/20211007_94/odJBU_1633568897714iPjYR_PNG/1633568808479.png?type=u748_420,https://jr.naver.com/s/create_song/view?contentsNo=180424,바닷속 행진 | 아기상어와 노래해요 3 | 핑크퐁! 인기동요
https://phinf.pstatic.net/tvcast/20211013_98/h75ql_1634106906417Q7vUS_PNG/1634106904332.png?type=u748_420,https://jr.naver.com/s/create_song/view?contentsNo=180344,즐거운 바다 청소 | 아기상어와 노래해요 3 | 핑크퐁! 인기동요
https://phinf.pstatic.net/tvcast/20211007_107/I1BvZ_1633569997845LV9Hz_PNG/1633569847003.png?type=u748_420,https://jr.naver.com/s/create_song/view?contentsNo=180281,World Dance with Baby Shark | Around the World with Baby Shark | 핑크퐁! 영어동요
https://phinf.pstatic.net/tvcast/20211006_39/6B0uV_1633482435027bpGTy_PNG/1633482202942.png?type=u748_420,https://jr.naver.com/s/create_song/view?contentsNo=180342,아기상어와 숨바꼭질 | 아기상어와 노래해요 3 | 핑크퐁! 인기동요
https://phinf.pstatic.net/tvcast/20210929_193/6mpr4_16328811049130xjA9_PNG/1632881045361.png?type=u748_420,https://jr.naver.com/s/create_song/view?contentsNo=180201,아기 상어의 모험 | 아기상어와 노래해요 2 | 핑크퐁! 인기동요
https://phinf.pstatic.net/tvcast/20210929_147/Nu1xE_1632881033909PzEMs_PNG/1632880977334.png?type=u748_420,https://jr.naver.com/s/create_song/view?contentsNo=180200,마수리 할아버지 상어 | 아기상어와 노래해요 2 | 핑크퐁! 인기동요
https://phinf.pstatic.net/tvcast/20210929_3/PQyZ3_1632880954329N8uTE_PNG/1632880845273.png?type=u748_420,https://jr.naver.com/s/create_song/view?contentsNo=180199,상어 가족 댄스 파티  | 아기상어와 노래해요 2 | 핑크퐁! 인기동요
https://phinf.pstatic.net/tvcast/20210928_101/7wT9T_1632794692547Eo5uy_PNG/1632794606789.png?type=u748_420,https://jr.naver.com/s/create_song/view?contentsNo=180170,아기 상어 자장가 | 아기상어와 노래해요 2 | 핑크퐁! 인기동요
https://phinf.pstatic.net/tvcast/20210928_136/IwCKH_1632796294939IUSue_PNG/1632795761181.png?type=u748_420,https://jr.naver.com/s/create_song/view?contentsNo=180150,행복한 아기 상어 | 아기상어와 노래해요 2 | 핑크퐁! 인기동요
https://phinf.pstatic.net/tvcast/20210928_152/hbILj_1632795719114prFya_PNG/1632795635626.png?type=u748_420,https://jr.naver.com/s/create_song/view?contentsNo=180149,상어 결혼식 | 아기상어와 노래해요 2 | 핑크퐁! 인기동요
https://phinf.pstatic.net/tvcast/20210928_260/iuQ2f_1632795568050eoasf_PNG/1632795566068.png?type=u748_420,https://jr.naver.com/s/create_song/view?contentsNo=180148,아기 상어의 꿈 | 아기상어와 노래해요 2 | 핑크퐁! 인기동요
https://phinf.pstatic.net/tvcast/20210928_173/chsNy_1632792245023zjki9_PNG/1632791826243.png?type=u748_420,https://jr.naver.com/s/create_song/view?contentsNo=180261,올리GO! #아기상어챌린지(Dance Ver.) | <아기상어 올리와 윌리엄> 방영기념 | 댄스 챌린지
https://phinf.pstatic.net/tvcast/20210928_278/gVScj_1632792457204VEBDB_PNG/1632792273895.png?type=u748_420,https://jr.naver.com/s/create_song/view?contentsNo=180245,올리GO! #아기상어챌린지 | <아기상어 올리와 윌리엄> 방영 기념 | 댄스 챌린지
https://phinf.pstatic.net/tvcast/20210928_236/WXn0y_1632793688813CstYV_PNG/1632793561719.png?type=u748_420,https://jr.naver.com/s/create_song/view?contentsNo=180169,아기상어의 나들이 | 아기상어와 노래해요 2 | 핑크퐁! 인기동요
https://phinf.pstatic.net/tvcast/20210924_230/qqon1_1632457179864qpKes_PNG/1632457137334.png?type=u748_420,https://jr.naver.com/s/create_song/view?contentsNo=180068,여섯 마리 물고기 | 아기상어와 노래해요 2 | 핑크퐁! 인기동요
https://phinf.pstatic.net/tvcast/20210924_57/WIv3J_1632457103681YEyld_PNG/1632457006081.png?type=u748_420,https://jr.naver.com/s/create_song/view?contentsNo=180067,손가락 놀이 상어 가족 | 아기상어와 노래해요 2 | 핑크퐁! 인기동요
https://phinf.pstatic.net/tvcast/20210923_194/A08g9_1632362680170WYXLj_PNG/1632362614261.png?type=u748_420,https://jr.naver.com/s/create_song/view?contentsNo=180004,상어 가족 음악회 | 아기상어와 노래해요 2 | 핑크퐁! 인기동요
https://phinf.pstatic.net/tvcast/20210923_64/oHwDt_1632362361384FkmxX_PNG/1632362307633.png?type=u748_420,https://jr.naver.com/s/create_song/view?contentsNo=180003,알록달록 바다 세상 | 아기상어와 노래해요 2 | 핑크퐁! 인기동요
https://phinf.pstatic.net/tvcast/20210923_13/FiO6J_1632362166569gTTLA_PNG/1632362101209.png?type=u748_420,https://jr.naver.com/s/create_song/view?contentsNo=180002,세모 네모 바다세상 | 아기상어와 노래해요 2 | 핑크퐁! 인기동요
https://phinf.pstatic.net/tvcast/20210923_247/2PkhW_1632362085633UBES9_PNG/1632362017132.png?type=u748_420,https://jr.naver.com/s/create_song/view?contentsNo=180001,상어 가족 밴드 | 아기상어와 노래해요 2 | 핑크퐁! 인기동요
https://phinf.pstatic.net/tvcast/20210923_169/lIISU_1632361831196lUPHX_JPEG/1632361522415.jpg?type=u748_420,https://jr.naver.com/s/create_song/view?contentsNo=180000,아기상어와 99마리 상어 친구들 | 특집 아기상어 | 핑크퐁! 인기동요
https://phinf.pstatic.net/tvcast/20210923_184/nu4Xa_16323613717077GwbM_JPEG/1632361223575.jpg?type=u748_420,https://jr.naver.com/s/create_song/view?contentsNo=179999,티라노 상어 가족 | 특집 아기상어 | 핑크퐁! 인기동요
https://phinf.pstatic.net/tvcast/20211006_143/Hkc5Z_1633505189420EB1gb_JPEG/1633505117926.jpg?type=u748_420,https://jr.naver.com/s/create_song/view?contentsNo=180552,Halloween Bumper Cars | 인기동요 | 영어동요 | 할로윈 놀이공원
https://phinf.pstatic.net/tvcast/20211006_133/JUaB4_16335049268004P0dc_JPEG/1633504830624.jpg?type=u748_420,https://jr.naver.com/s/create_song/view?contentsNo=180536,할로윈 범퍼카 | 인기동요 | 어린이동요 | 할로윈데이
https://phinf.pstatic.net/tvcast/20211001_76/JPiom_1633087526065iG0ou_JPEG/1633087481370.jpg?type=u748_420,https://jr.naver.com/s/create_song/view?contentsNo=180393,Halloween Candy Recipe | 인기동요 | 영어동요 | 위니위니 할로윈
https://phinf.pstatic.net/tvcast/20211001_163/a5enP_1633087378610sABBO_JPEG/1633087304491.jpg?type=u748_420,https://jr.naver.com/s/create_song/view?contentsNo=180364,할로윈 사탕 레시피| 인기동요 | 어린이동요 | 캔디팡팡
https://phinf.pstatic.net/tvcast/20210923_245/fPrHd_1632371277638fA1UP_JPEG/1632371213626.jpg?type=u748_420,https://jr.naver.com/s/create_song/view?contentsNo=180232,Skeleton Dance | 인기동요 | 영어동요 | 해골맨
https://phinf.pstatic.net/tvcast/20210923_181/aI57J_1632371178590lXngo_JPEG/1632371079476.jpg?type=u748_420,https://jr.naver.com/s/create_song/view?contentsNo=180197,스켈레톤 댄스 | 인기동요 | 어린이동요 | 할로윈파티
https://phinf.pstatic.net/tvcast/20210923_182/uJjjr_16323610807231CuGX_JPEG/1632361008766.jpg?type=u748_420,https://jr.naver.com/s/create_song/view?contentsNo=180031,Halloween Costume Party | 인기동요 | 영어동요 | Trick or Treat
https://phinf.pstatic.net/tvcast/20210923_169/DakId_1632360968860EF9Kq_JPEG/1632360774319.jpg?type=u748_420,https://jr.naver.com/s/create_song/view?contentsNo=180012,할로윈 코스튬 파티 | 인기동요 | 어린이동요 | 심장이 두근두근 할로윈
https://jr.naver.com/assets/img/transparent_374_210.png,https://jr.naver.com/s/create_song/view?contentsNo=180537,할로윈 밤(Halloween Night) | 할로윈 노래 | 창작동요 | 인기동요 | 치타부
https://jr.naver.com/assets/img/transparent_374_210.png,https://jr.naver.com/s/create_song/view?contentsNo=180511,해적선 놀이 | 아기상어 올리와 바다 친구들 | 아기상어와 노래해요 3 | 핑크퐁! 인기동요
https://jr.naver.com/assets/img/transparent_374_210.png,https://jr.naver.com/s/create_song/view?contentsNo=180509,잠자는 숲속의 할머니상어 | 아기상어와 노래해요 3 | 핑크퐁! 인기동요
https://jr.naver.com/assets/img/transparent_374_210.png,https://jr.naver.com/s/create_song/view?contentsNo=180491,상어 꼬리 찾기 | 아기상어와 노래해요 3 | 핑크퐁! 인기동요
https://jr.naver.com/assets/img/transparent_374_210.png,https://jr.naver.com/s/create_song/view?contentsNo=180490,신기한 바다 친구들 | 아기상어와 노래해요 3 | 핑크퐁! 인기동요
https://jr.naver.com/assets/img/transparent_374_210.png,https://jr.naver.com/s/create_song/view?contentsNo=180471,[ENG dub] 숫자쏭 Rebirth | 영어동요 | 인기동요 | 신나는 동요 | 치타부X숫자쏭컴퍼니
https://jr.naver.com/assets/img/transparent_374_210.png,https://jr.naver.com/s/create_song/view?contentsNo=180453,Old Cheetahboo had a farm (치타부네 농장) | 맥도날드 아저씨 농장 | 인기 영어 동요 | 치타부
https://jr.naver.com/assets/img/transparent_374_210.png,https://jr.naver.com/s/create_song/view?contentsNo=180452,[ENG dub] 라면송 (Ramyeon Song) | 영어동요 | 인기 창작동요 | 먹방동요 | 치타부 동요
https://jr.naver.com/assets/img/transparent_374_210.png,https://jr.naver.com/s/create_song/view?contentsNo=180451,Rain rain go away (비야비야 오지마) | 영어동요 | 인기동요 | 마더구스 | 치타부 동요
https://jr.naver.com/assets/img/transparent_374_210.png,https://jr.naver.com/s/create_song/view?contentsNo=180450,과자송(Snack Song) | 영어동요 | 인기동요 | 먹방동요 | 치타부 동요 | 치타부
https://jr.naver.com/assets/img/transparent_374_210.png,https://jr.naver.com/s/create_song/view?contentsNo=178612,부기부기쏭(Boogie Boogie Song) | 책읽기 송 | 인기동요 | 신나는 동요 | 치타부X숫자쏭컴퍼니
https://jr.naver.com/assets/img/transparent_374_210.png,https://jr.naver.com/s/create_song/view?contentsNo=178250,숫자쏭 댄스 외 신나는 동요 모아보기 | 율동 동요 모음 | 모아보기 | 치타부X숫자쏭컴퍼니
https://jr.naver.com/assets/img/transparent_374_210.png,https://jr.naver.com/s/create_song/view?contentsNo=177587,Number Song Rebirth (숫자쏭 리버스) | 2021년 공식 숫자쏭 시리즈 | 인기 영어 동요 | 치타부
https://jr.naver.com/assets/img/transparent_374_210.png,https://jr.naver.com/s/create_song/view?contentsNo=177459,물개박수쏭 (Seal Clapping Song) | 숫자쏭 시리즈 | 박수놀이 | 신나는 인기 율동 동요 | 치타부
https://jr.naver.com/assets/img/transparent_374_210.png,https://jr.naver.com/s/create_song/view?contentsNo=177330,숫자쏭 치카치카쏭 빵구쏭 연속듣기 | 동요모음 | 신나는 율동동요 | 치타부X숫자쏭컴퍼니
https://jr.naver.com/assets/img/transparent_374_210.png,https://jr.naver.com/s/create_song/view?contentsNo=177329,빵구쏭 (The fart song) | 방귀송 | 방구송 | 숫자쏭 시리즈 | 신나는 인기 율동 동요 | 치타부
https://jr.naver.com/assets/img/transparent_374_210.png,https://jr.naver.com/s/create_song/view?contentsNo=180282,아기상어 목욕송 | 아기상어의 하루 | 핑크퐁! 인기동요
https://jr.naver.com/assets/img/transparent_374_210.png,https://jr.naver.com/s/create_song/view?contentsNo=180425,바다 마을 수영 대회 | 아기상어와 노래해요 3 | 핑크퐁! 인기동요
https://jr.naver.com/assets/img/transparent_374_210.png,https://jr.naver.com/s/create_song/view?contentsNo=180424,바닷속 행진 | 아기상어와 노래해요 3 | 핑크퐁! 인기동요
https://jr.naver.com/assets/img/transparent_374_210.png,https://jr.naver.com/s/create_song/view?contentsNo=180344,즐거운 바다 청소 | 아기상어와 노래해요 3 | 핑크퐁! 인기동요
https://jr.naver.com/assets/img/transparent_374_210.png,https://jr.naver.com/s/create_song/view?contentsNo=180281,World Dance with Baby Shark | Around the World with Baby Shark | 핑크퐁! 영어동요
https://jr.naver.com/assets/img/transparent_374_210.png,https://jr.naver.com/s/create_song/view?contentsNo=180342,아기상어와 숨바꼭질 | 아기상어와 노래해요 3 | 핑크퐁! 인기동요
https://jr.naver.com/assets/img/transparent_374_210.png,https://jr.naver.com/s/create_song/view?contentsNo=180201,아기 상어의 모험 | 아기상어와 노래해요 2 | 핑크퐁! 인기동요
https://jr.naver.com/assets/img/transparent_374_210.png,https://jr.naver.com/s/create_song/view?contentsNo=180200,마수리 할아버지 상어 | 아기상어와 노래해요 2 | 핑크퐁! 인기동요
https://jr.naver.com/assets/img/transparent_374_210.png,https://jr.naver.com/s/create_song/view?contentsNo=180199,상어 가족 댄스 파티  | 아기상어와 노래해요 2 | 핑크퐁! 인기동요
https://jr.naver.com/assets/img/transparent_374_210.png,https://jr.naver.com/s/create_song/view?contentsNo=180170,아기 상어 자장가 | 아기상어와 노래해요 2 | 핑크퐁! 인기동요
https://jr.naver.com/assets/img/transparent_374_210.png,https://jr.naver.com/s/create_song/view?contentsNo=180150,행복한 아기 상어 | 아기상어와 노래해요 2 | 핑크퐁! 인기동요
https://jr.naver.com/assets/img/transparent_374_210.png,https://jr.naver.com/s/create_song/view?contentsNo=180149,상어 결혼식 | 아기상어와 노래해요 2 | 핑크퐁! 인기동요
https://jr.naver.com/assets/img/transparent_374_210.png,https://jr.naver.com/s/create_song/view?contentsNo=180148,아기 상어의 꿈 | 아기상어와 노래해요 2 | 핑크퐁! 인기동요
https://jr.naver.com/assets/img/transparent_374_210.png,https://jr.naver.com/s/create_song/view?contentsNo=180261,올리GO! #아기상어챌린지(Dance Ver.) | <아기상어 올리와 윌리엄> 방영기념 | 댄스 챌린지
https://jr.naver.com/assets/img/transparent_374_210.png,https://jr.naver.com/s/create_song/view?contentsNo=180245,올리GO! #아기상어챌린지 | <아기상어 올리와 윌리엄> 방영 기념 | 댄스 챌린지
https://jr.naver.com/assets/img/transparent_374_210.png,https://jr.naver.com/s/create_song/view?contentsNo=180169,아기상어의 나들이 | 아기상어와 노래해요 2 | 핑크퐁! 인기동요
https://jr.naver.com/assets/img/transparent_374_210.png,https://jr.naver.com/s/create_song/view?contentsNo=180068,여섯 마리 물고기 | 아기상어와 노래해요 2 | 핑크퐁! 인기동요
https://jr.naver.com/assets/img/transparent_374_210.png,https://jr.naver.com/s/create_song/view?contentsNo=180067,손가락 놀이 상어 가족 | 아기상어와 노래해요 2 | 핑크퐁! 인기동요
https://jr.naver.com/assets/img/transparent_374_210.png,https://jr.naver.com/s/create_song/view?contentsNo=180004,상어 가족 음악회 | 아기상어와 노래해요 2 | 핑크퐁! 인기동요
https://jr.naver.com/assets/img/transparent_374_210.png,https://jr.naver.com/s/create_song/view?contentsNo=180003,알록달록 바다 세상 | 아기상어와 노래해요 2 | 핑크퐁! 인기동요
https://jr.naver.com/assets/img/transparent_374_210.png,https://jr.naver.com/s/create_song/view?contentsNo=180002,세모 네모 바다세상 | 아기상어와 노래해요 2 | 핑크퐁! 인기동요
https://jr.naver.com/assets/img/transparent_374_210.png,https://jr.naver.com/s/create_song/view?contentsNo=180001,상어 가족 밴드 | 아기상어와 노래해요 2 | 핑크퐁! 인기동요
https://jr.naver.com/assets/img/transparent_374_210.png,https://jr.naver.com/s/create_song/view?contentsNo=180000,아기상어와 99마리 상어 친구들 | 특집 아기상어 | 핑크퐁! 인기동요
https://jr.naver.com/assets/img/transparent_374_210.png,https://jr.naver.com/s/create_song/view?contentsNo=179999,티라노 상어 가족 | 특집 아기상어 | 핑크퐁! 인기동요
https://jr.naver.com/assets/img/transparent_374_210.png,https://jr.naver.com/s/create_song/view?contentsNo=177323,부릉부릉 버스 | Wheels on the bus | 버스송 | 마더구스 | 인기동요 | 신나는 동요 | 치타부 동요
https://jr.naver.com/assets/img/transparent_374_210.png,https://jr.naver.com/s/create_song/view?contentsNo=177322,비야 비야 오지마 | 어린이 율동 동요 | 마더구스 | 인기동요 | 신나는 동요 | 치타부
https://jr.naver.com/assets/img/transparent_374_210.png,https://jr.naver.com/s/create_song/view?contentsNo=177320,다섯마리 아기 원숭이 (Five little monkeys) | 인기동요 | 신나는 어린이 율동 동요 | 치타부
https://jr.naver.com/assets/img/transparent_374_210.png,https://jr.naver.com/s/create_song/view?contentsNo=177319,엉금엉금 거미 | 거미송 (Itsy bitsy spiders) | 인기동요 | 신나는 어린이 율동 동요 | 치타부
https://jr.naver.com/assets/img/transparent_374_210.png,https://jr.naver.com/s/create_song/view?contentsNo=177318,메리의 작은 양 (Mary had a little Lamb) | 동물 동요 | 어린이 인기 동요 | 신나는 동요 | 치타부
https://jr.naver.com/assets/img/transparent_374_210.png,https://jr.naver.com/s/create_song/view?contentsNo=177316,열 꼬마 빨간과일 (Ten little red fruits) 숫자 색깔 놀이동요 | 인기동요 | 신나는 동요 | 치타부
https://jr.naver.com/assets/img/transparent_374_210.png,https://jr.naver.com/s/create_song/view?contentsNo=177315,머리 어깨 무릎 발 | 키크기 체조 | 키크는 율동 동요 | 인기동요 | 신나는 동요 | 치타부
https://jr.naver.com/assets/img/transparent_374_210.png,https://jr.naver.com/s/create_song/view?contentsNo=177314,소리쳐 치타부 (Here we go Cheetahboo) | 마더구스 | 인기동요 | 신나는 동요 | 치타부
https://jr.naver.com/assets/img/transparent_374_210.png,https://jr.naver.com/s/create_song/view?contentsNo=177313,과자송(Snack Song) | 어린이 간식 | 간식송 | 인기동요 | 신나는 동요 | 치타부
https://jr.naver.com/assets/img/transparent_374_210.png,https://jr.naver.com/s/create_song/view?contentsNo=177075,손씻기송 (Wash your hands)| 생활 습관 동요 | 인기동요 | 신나는 동요 | 치타부
https://jr.naver.com/assets/img/transparent_374_210.png,https://jr.naver.com/s/create_song/view?contentsNo=177074,우리 모두 다같이 (If happy and you know it) | 율동 동요 | 동물송 | 인기동요 | 치타부
https://jr.naver.com/assets/img/transparent_374_210.png,https://jr.naver.com/s/create_song/view?contentsNo=177072,걷자걷자 (Walking walking) | 인기동요 | 신나는 동요| 율동동요 | 마더구스 | 치타부
https://jr.naver.com/assets/img/transparent_374_210.png,https://jr.naver.com/s/create_song/view?contentsNo=177071,나처럼 춤춰요 (Dance like me) | 율동 동요 | 인기동요 | 마더구스 | 신나는 동요 | 치타부
https://jr.naver.com/assets/img/transparent_374_210.png,https://jr.naver.com/s/create_song/view?contentsNo=177321,라면송(Ramyeon song) | 엄마 아빠가 듣는 동요 | Ramyun | 인기동요 | 신나는 동요 | 치타부
https://jr.naver.com/assets/img/transparent_374_210.png,https://jr.naver.com/s/create_song/view?contentsNo=177076,출동! 치타부 (Let's go Cheetahboo) | 새로운 히어로 등장! | 인기동요 | 신나는 동요 | 치타부
https://jr.naver.com/assets/img/transparent_374_210.png,https://jr.naver.com/s/create_song/view?contentsNo=177073,호떡송 (Hotteock song)  겨울간식 | 간식송 | 인기동요 | 신나는 동요 | 치타부
https://jr.naver.com/assets/img/transparent_374_210.png,https://jr.naver.com/s/create_song/view?contentsNo=179400,공룡 백마리송 | 공룡송 | 인기동요 | 창작동요 [깨비키즈 KEBIKIDS]
https://jr.naver.com/assets/img/transparent_374_210.png,https://jr.naver.com/s/create_song/view?contentsNo=179309,곰인형송 | 씨앗송 | 동물송 | 창작동요 | 생활동요 [깨비키즈 KEBIKIDS]
https://jr.naver.com/assets/img/transparent_374_210.png,https://jr.naver.com/s/create_song/view?contentsNo=179149,트로오돈송 2 | 공룡송 | 인기동요 | 창작동요 [깨비키즈 KEBIKIDS]
https://jr.naver.com/assets/img/transparent_374_210.png,https://jr.naver.com/s/create_song/view?contentsNo=179000,팝콘송 | 생활송 | 푸드송 | 창작동요 | 생활동요 [깨비키즈 KEBIKIDS]
https://jr.naver.com/assets/img/transparent_374_210.png,https://jr.naver.com/s/create_song/view?contentsNo=178785,무당벌레송 | 씨앗송 | 동물송 | 창작동요 | 생활동요 [깨비키즈 KEBIKIDS]
https://jr.naver.com/assets/img/transparent_374_210.png,https://jr.naver.com/s/create_song/view?contentsNo=178582,익룡송 2 | 공룡송 | 인기동요 | 창작동요 [깨비키즈 KEBIKIDS]
https://jr.naver.com/assets/img/transparent_374_210.png,https://jr.naver.com/s/create_song/view?contentsNo=178422,콩알송 | 생활송 | 푸드송 | 창작동요 | 생활동요 [깨비키즈 KEBIKIDS]
https://jr.naver.com/assets/img/transparent_374_210.png,https://jr.naver.com/s/create_song/view?contentsNo=178158,모기송 | 씨앗송 | 동물송 | 창작동요 | 생활동요 [깨비키즈 KEBIKIDS]
https://jr.naver.com/assets/img/transparent_374_210.png,https://jr.naver.com/s/create_song/view?contentsNo=177778,스테고사우루스송 2 | 공룡송 | 인기동요 | 창작동요 [깨비키즈 KEBIKIDS]
https://jr.naver.com/assets/img/transparent_374_210.png,https://jr.naver.com/s/create_song/view?contentsNo=177522,초코송 | 생활송 | 푸드송 | 창작동요 | 생활동요 [깨비키즈 KEBIKIDS]
https://jr.naver.com/assets/img/transparent_374_210.png,https://jr.naver.com/s/create_song/view?contentsNo=176629,기린 의사송 | 씨앗송 | 동물송 | 창작동요 | 생활동요 [깨비키즈 KEBIKIDS]
https://jr.naver.com/assets/img/transparent_374_210.png,https://jr.naver.com/s/create_song/view?contentsNo=176476,신데렐라송 | 동화송 | 샤바샤바 아이샤바 | 인기동요 | 창작동요 [깨비키즈 KEBIKIDS]
https://jr.naver.com/assets/img/transparent_374_210.png,https://jr.naver.com/s/create_song/view?contentsNo=176298,파키케팔로사우루스송 2 | 공룡송 | 인기동요 | 창작동요 [깨비키즈 KEBIKIDS]
https://jr.naver.com/assets/img/transparent_374_210.png,https://jr.naver.com/s/create_song/view?contentsNo=176161,시간송 | 똑딱똑딱 | 생활송 | 창작동요 | 생활동요 [깨비키즈 KEBIKIDS]
https://jr.naver.com/assets/img/transparent_374_210.png,https://jr.naver.com/s/create_song/view?contentsNo=176020,윙윙꿀벌송 | 씨앗송 | 동물송 | 창작동요 | 생활동요 [깨비키즈 KEBIKIDS]
https://jr.naver.com/assets/img/transparent_374_210.png,https://jr.naver.com/s/create_song/view?contentsNo=175876,호두까기 인형송 | 동화송 | 인기동요 | 창작동요 [깨비키즈 KEBIKIDS]
https://jr.naver.com/assets/img/transparent_374_210.png,https://jr.naver.com/s/create_song/view?contentsNo=175596,공룡멸종송2 | 공룡송 | 인기동요 | 창작동요 [깨비키즈 KEBIKIDS]
https://jr.naver.com/assets/img/transparent_374_210.png,https://jr.naver.com/s/create_song/view?contentsNo=175404,젤리송 | 생활송 | 창작동요 | 생활동요 [깨비키즈 KEBIKIDS]
https://jr.naver.com/assets/img/transparent_374_210.png,https://jr.naver.com/s/create_song/view?contentsNo=175384,엄지공주송 | 동화송 | 인기동요 | 창작동요 [깨비키즈 KEBIKIDS]
https://jr.naver.com/assets/img/transparent_374_210.png,https://jr.naver.com/s/create_song/view?contentsNo=175235,트리케라톱스송2 | 공룡송 | 인기동요 | 창작동요 [깨비키즈 KEBIKIDS]
https://jr.naver.com/assets/img/transparent_374_210.png,https://jr.naver.com/s/create_song/view?contentsNo=174802,고민송 | 고민 고민 하지마~! | 씨앗송 | 창작동요 | 생활동요 [깨비키즈 KEBIKIDS]
https://jr.naver.com/assets/img/transparent_374_210.png,https://jr.naver.com/s/create_song/view?contentsNo=174478,라푼젤송 | 동화송 | 인기동요 | 창작동요 [깨비키즈 KEBIKIDS]
https://jr.naver.com/assets/img/transparent_374_210.png,https://jr.naver.com/s/create_song/view?contentsNo=174301,브라키오사우루스송2 | 공룡송 | 인기동요 | 창작동요 [깨비키즈 KEBIKIDS]
https://jr.naver.com/assets/img/transparent_374_210.png,https://jr.naver.com/s/create_song/view?contentsNo=174131,딸기송 | 씨앗송 | 창작동요 | 생활동요 [깨비키즈 KEBIKIDS]
https://jr.naver.com/assets/img/transparent_374_210.png,https://jr.naver.com/s/create_song/view?contentsNo=173866,나는커요｜형님이되어요｜2월동요
https://jr.naver.com/assets/img/transparent_374_210.png,https://jr.naver.com/s/create_song/view?contentsNo=173827,개미와 베짱이송 | 동화송 | 인기동요 | 창작동요 [깨비키즈 KEBIKIDS]
https://jr.naver.com/assets/img/transparent_374_210.png,https://jr.naver.com/s/create_song/view?contentsNo=170409,세계최고송 | 창작동요 | 쥬니버 동요
https://jr.naver.com/assets/img/transparent_374_210.png,https://jr.naver.com/s/create_song/view?contentsNo=170256,땅 속 동물박사｜흙과 생활
https://jr.naver.com/assets/img/transparent_374_210.png,https://jr.naver.com/s/create_song/view?contentsNo=170204,Fire truck song 2 | 소방차 삼형제송 | 탈것송 | 세이송 | 영어동요 | 창작동요 [깨비키즈 KEBIKIDS]
https://jr.naver.com/assets/img/transparent_374_210.png,https://jr.naver.com/s/create_song/view?contentsNo=170123,코딱지송 | 창작동요 | 쥬니버 동요
https://jr.naver.com/assets/img/transparent_374_210.png,https://jr.naver.com/s/create_song/view?contentsNo=170122,숨바꼭질송 | 창작동요 | 쥬니버 동요
https://jr.naver.com/assets/img/transparent_374_210.png,https://jr.naver.com/s/create_song/view?contentsNo=169893,Submarine song | 잠수함송 | 탈것송 | 세이송 | 영어동요 | 창작동요 [깨비키즈 KEBIKIDS]
