LABEL-1,HREF-1,LABEL-3
https://phinf.pstatic.net/tvcast/20220117_134/uk8Wc_1642408185527LrPhF_JPEG/1642408101198.jpg?type=u748_420,https://jr.naver.com/s/play_song/view?contentsNo=183632,율동체조 모음⭐ | 로티프렌즈와 함께 댄스! | 인기율동 | 인기체조 모아모아
https://phinf.pstatic.net/tvcast/20220105_156/oxs1u_1641347674998OKxrz_PNG/1641347504451.png?type=u748_420,https://jr.naver.com/s/play_song/view?contentsNo=183107,세균맨  | 로티프렌즈 율동체조  | 인기율동 | 체조 함께 따라해요!
https://phinf.pstatic.net/tvcast/20220103_173/dRzLO_1641178489916z2IfO_PNG/1641178359130.png?type=u748_420,https://jr.naver.com/s/play_song/view?contentsNo=182946,사바나 댄스 | 로티프렌즈 율동체조  | 인기율동 | 체조 함께 따라해요!
https://phinf.pstatic.net/tvcast/20220103_27/eIYmA_1641167949733f3JsL_JPEG/1641167946645.jpg?type=u748_420,https://jr.naver.com/s/play_song/view?contentsNo=182863,과자 집 놀이송 | 놀이동요 | 주니토니 | JunyTony
https://phinf.pstatic.net/tvcast/20211115_194/lY87i_1636940786817V8lnh_PNG/1636940715060.png?type=u748_420,https://jr.naver.com/s/play_song/view?contentsNo=181993,작은 주전자 | 로티프렌즈 율동체조 | 인기율동 | 주전자 댄스
https://phinf.pstatic.net/tvcast/20211115_297/j59re_16369370533117ysfT_PNG/1636936995061.png?type=u748_420,https://jr.naver.com/s/play_song/view?contentsNo=181837,호키포키 | 로티프렌즈 율동체조 | 인기율동 | 신나는 율동송
https://phinf.pstatic.net/tvcast/20211025_180/mUCpb_16351406769806O7VF_PNG/1635140162958.png?type=u748_420,https://jr.naver.com/s/play_song/view?contentsNo=181162,동물흉내송2 | 놀이동요 | 동물송 | 애창동요 [깨비키즈 KEBIKIDS]
https://phinf.pstatic.net/tvcast/20211025_145/fJT0e_16351286124925SA03_PNG/1635128259172.png?type=u748_420,https://jr.naver.com/s/play_song/view?contentsNo=181025,고양이 눈 | 놀이동요 | 애창동요 [깨비키즈 KEBIKIDS]
https://phinf.pstatic.net/tvcast/20211028_113/MlXLa_1635415742735Ed167_PNG/1635407524641.png?type=u748_420,https://jr.naver.com/s/play_song/view?contentsNo=180957,스켈레톤 댄스 | 로티프렌즈 율동체조 | 인기율동 | 할로윈댄스
https://phinf.pstatic.net/tvcast/20210511_119/vIpX6_1620710384984m1kTU_JPEG/1620710381808.jpg?type=u748_420,https://jr.naver.com/s/play_song/view?contentsNo=175328,공주 드레스 입기 | 놀이동요 | 주니토니 by 키즈캐슬
https://phinf.pstatic.net/tvcast/20210225_190/COKAP_1614238811492cG6TR_JPEG/1614238634273.jpg?type=u748_420,https://jr.naver.com/s/play_song/view?contentsNo=174103,병원놀이송 | 놀이동요 | 주니토니 by 키즈캐슬
https://phinf.pstatic.net/tvcast/20201230_133/lLo8m_1609309649157hr1uG_JPEG/1609309151409.jpg?type=u748_420,https://jr.naver.com/s/play_song/view?contentsNo=172567,마시메롱과 상어 친구들 | 인기동요 | 주니토니 by 키즈캐슬
https://phinf.pstatic.net/tvcast/20200728_146/3lUB4_1595924177332qMLUs_JPEG/1595923895218.jpg?type=u748_420,https://jr.naver.com/s/play_song/view?contentsNo=166355,마시메롱 워터파크 | 놀이동요 | 주니토니 by 키즈캐슬
https://phinf.pstatic.net/tvcast/20200610_132/ArV9f_1591759601986RMVg5_JPEG/1591759593542.jpg?type=u748_420,https://jr.naver.com/s/play_song/view?contentsNo=164002,마시메롱 친구들 | 인기동요 | 주니토니 by 키즈캐슬
https://phinf.pstatic.net/tvcast/20200515_24/k4IIL_1589520680946Uy4ja_JPEG/1589520491848.jpg?type=u748_420,https://jr.naver.com/s/play_song/view?contentsNo=162980,집에서 놀기송 | 놀이동요 | 주니토니 by 키즈캐슬
https://phinf.pstatic.net/tvcast/20200309_160/01FUr_1583747820742LcYAm_JPEG/1583747816209.jpg?type=u748_420,https://jr.naver.com/s/play_song/view?contentsNo=159840,사과가 먹고 싶어 | 놀이동요 | 주니토니 by 키즈캐슬
https://phinf.pstatic.net/tvcast/20200218_295/4CNO8_1581990812632j0xeJ_JPEG/1581990610587.jpg?type=u748_420,https://jr.naver.com/s/play_song/view?contentsNo=158594,장난감 뽑기 기계 | 놀이동요 | 주니토니 by 키즈캐슬
https://phinf.pstatic.net/tvcast/20191014_219/xr4df_1571025285941qIE0l_JPEG/1571025162995.jpg?type=u748_420,https://jr.naver.com/s/play_song/view?contentsNo=152438,아기 돌보기 | 인기동요 | 주니토니 by 키즈캐슬
https://phinf.pstatic.net/tvcast/20201208_248/paY2Y_1607394083610jLkYU_PNG/1607393655078.png?type=u748_420,https://jr.naver.com/s/play_song/view?contentsNo=171800,신나는겨울놀이
https://phinf.pstatic.net/tvcast/20201208_165/4iqCA_1607393334166Cfdcz_JPEG/319d1683-38fa-11eb-bad3-a0369ff963bc_02.jpg?type=u748_420,https://jr.naver.com/s/play_song/view?contentsNo=171799,축하해요 기쁜 크리스마스
https://phinf.pstatic.net/tvcast/20201208_152/gJyVT_1607393093565VUOae_PNG/1607393036898.PNG?type=u748_420,https://jr.naver.com/s/play_song/view?contentsNo=171796,김치송｜김치프로젝트｜김치만들기노래
https://phinf.pstatic.net/tvcast/20201015_188/QZTNP_1602739866851mmD4d_PNG/1602739823077.png?type=u748_420,https://jr.naver.com/s/play_song/view?contentsNo=169682,밀과보리가자라네｜가을동요
https://phinf.pstatic.net/tvcast/20201015_28/7QScP_1602739789211RYwNV_PNG/1602739763793.PNG?type=u748_420,https://jr.naver.com/s/play_song/view?contentsNo=169681,할로윈댄스파티
https://phinf.pstatic.net/tvcast/20200929_208/DeYeD_1601352497024NpVQ1_JPEG/1601351866056.jpg?type=u748_420,https://jr.naver.com/s/play_song/view?contentsNo=169115,[트니트니] 트니트니와 신나는 추석 l 스페셜 율동체조
https://phinf.pstatic.net/tvcast/20200907_241/fZ2HN_1599436619128EPz49_JPEG/1599436567966.jpg?type=u748_420,https://jr.naver.com/s/play_song/view?contentsNo=168320,[누리체조 2기] 똑똑체조 모음집 | Kids Songs | 유치원 동요 | 율동 | 동요 | 누리놀이
https://phinf.pstatic.net/tvcast/20200902_182/hwkKI_1599015227150T0Dg9_PNG/1599015224286.png?type=u748_420,https://jr.naver.com/s/play_song/view?contentsNo=168090,달달무슨달 율동동요
https://phinf.pstatic.net/tvcast/20200831_112/nt9fz_15988366951051Xq4J_JPEG/1598836642617.jpg?type=u748_420,https://jr.naver.com/s/play_song/view?contentsNo=167981,[누리체조 2기] 똑똑해지는 체조 모음집 | Kids Songs | 유치원 동요 | 율동 | 동요 | 누리놀이
https://phinf.pstatic.net/tvcast/20200824_146/mYtVq_1598235753316IJdCb_JPEG/1598235717944.jpg?type=u748_420,https://jr.naver.com/s/play_song/view?contentsNo=167586,[누리체조 2기] 신나요 체조 모음집 | Kids Songs | 유치원 동요 | 율동 | 동요 | 누리놀이
https://phinf.pstatic.net/tvcast/20200824_235/LbgRz_15982356386266Maoz_JPEG/1598235614097.jpg?type=u748_420,https://jr.naver.com/s/play_song/view?contentsNo=167584,[누리체조 2기] 힘내요 체조 모음집 | Kids Songs | 유치원 동요 | 율동 | 동요 | 누리놀이
https://phinf.pstatic.net/tvcast/20200824_159/fjufi_1598235573132dtxbT_JPEG/1598235525003.jpg?type=u748_420,https://jr.naver.com/s/play_song/view?contentsNo=167583,[누리체조 2기] 꼼지락 체조 모음집 | Kids Songs | 유치원 동요 | 율동 | 동요 | 누리놀이
https://phinf.pstatic.net/tvcast/20200824_156/jUMDa_1598235409283FAfuF_JPEG/1598235385416.jpg?type=u748_420,https://jr.naver.com/s/play_song/view?contentsNo=167581,[누리놀이] 리듬체조 모음집 | Kids Songs | 유치원 동요 | 율동 | 동요 | 누리놀이
https://phinf.pstatic.net/tvcast/20200818_27/cqrsG_1597738306597urxmr_PNG/1597738265925.png?type=u748_420,https://jr.naver.com/s/play_song/view?contentsNo=167358,우리는친구 율동｜세계여러나라
https://phinf.pstatic.net/tvcast/20200806_128/lQWOB_15966995507744IqnE_PNG/1596699515829.png?type=u748_420,https://jr.naver.com/s/play_song/view?contentsNo=166676,LET'S GO ALL OVER THE WORLD!
https://phinf.pstatic.net/tvcast/20200806_201/5NOE3_15966993146699KOKf_PNG/1596699289530.png?type=u748_420,https://jr.naver.com/s/play_song/view?contentsNo=166673,세계인사말｜세계여러나라인사｜9월누리과정
https://phinf.pstatic.net/tvcast/20200806_166/BbGTn_1596698656572SQtRK_PNG/1596698613522.png?type=u748_420,https://jr.naver.com/s/play_song/view?contentsNo=166670,데굴데굴바퀴｜교통기관동요
https://phinf.pstatic.net/tvcast/20200720_263/FfrnR_1595219137212VMs3b_JPEG/1595219099224.jpg?type=u748_420,https://jr.naver.com/s/play_song/view?contentsNo=165975,[누리체조 2기] 마음이 편안한 체조 모음집 | Kids Songs | 유치원 동요 | 율동 | 동요 | 누리놀
https://phinf.pstatic.net/tvcast/20200713_65/OsfxV_1594606087095VAgUR_JPEG/1594606048732.jpg?type=u748_420,https://jr.naver.com/s/play_song/view?contentsNo=165658,[누리체조 2기] 기분 좋아지는 체조 모음집 | Kids Songs | 유치원 동요 | 율동 | 동요 | 누리놀
https://phinf.pstatic.net/tvcast/20200713_191/C5PGB_15946058531810UgEB_JPEG/1594605807055.jpg?type=u748_420,https://jr.naver.com/s/play_song/view?contentsNo=165634,[누리체조 2기] 재미있는 체조 모음집 | Kids Songs | 유치원 동요 | 율동 | 동요 | 누리놀이
https://phinf.pstatic.net/tvcast/20200701_279/RI1hR_1593577387566W9qKK_PNG/1593577348626.png?type=u748_420,https://jr.naver.com/s/play_song/view?contentsNo=165095,고마운자동차｜교통기관동요｜8월동요
https://phinf.pstatic.net/tvcast/20200625_34/biCFU_1593064214705RvE90_JPEG/1593064090608.jpg?type=u748_420,https://jr.naver.com/s/play_song/view?contentsNo=165035,[누리체조 2기] 마음감각 체조 모음집 | Kids Songs | 유치원 동요 | 율동 | 동요 | 누리놀이
https://phinf.pstatic.net/tvcast/20200617_236/tQWNW_15923692049658O5qH_JPEG/1592369155794.jpg?type=u748_420,https://jr.naver.com/s/play_song/view?contentsNo=164714,[누리체조 2기] 마음똑똑체조 모음집 | Kids Songs | 유치원 동요 | 율동 | 동요 | 누리놀이
https://phinf.pstatic.net/tvcast/20200617_237/R15D0_1592368925608rJMAS_JPEG/1592368902568.jpg?type=u748_420,https://jr.naver.com/s/play_song/view?contentsNo=164509,[누리체조 2기] 튼튼감각 체조 모음집 | Kids Songs | 유치원 동요 | 율동 | 동요 | 누리놀이
https://phinf.pstatic.net/tvcast/20200605_199/0MHHT_1591315144094hjYpX_JPEG/1591315110911.jpg?type=u748_420,https://jr.naver.com/s/play_song/view?contentsNo=164069,[누리체조 2기] 똑똑튼튼체조 모음집 | Kids Songs | 유치원 동요 | 율동 | 동요 | 누리놀이
https://phinf.pstatic.net/tvcast/20200527_192/CN4xt_1590552324100JLT5X_JPEG/1590552281935.jpg?type=u748_420,https://jr.naver.com/s/play_song/view?contentsNo=163637,[누리체조 2기] 마음튼튼 체조 모음집 | Kids Songs | 유치원 동요 | 율동 | 동요 | 누리놀이
https://phinf.pstatic.net/tvcast/20200527_73/0a3q2_1590554465664rKsHw_JPEG/1590554461247.jpg?type=u748_420,https://jr.naver.com/s/play_song/view?contentsNo=163370,[누리체조 2기] 감각똑똑체조 모음집 | Kids Songs | 유치원 동요 | 율동 | 동요 | 누리놀이
https://phinf.pstatic.net/tvcast/20200515_73/NwI11_1589527044624FTFez_JPEG/1589526995079.jpg?type=u748_420,https://jr.naver.com/s/play_song/view?contentsNo=162947,[누리체조 2기] 으쌰으쌰 체조 모음집 | Kids Songs | 유치원 동요 | 율동 | 동요 | 누리놀이
https://phinf.pstatic.net/tvcast/20200507_188/fsiqj_1588830711928wwt67_JPEG/1588830606702.jpg?type=u748_420,https://jr.naver.com/s/play_song/view?contentsNo=162679,로보카폴리 손씻기송│폴리와 함께 건강한 생활습관 만들기│로보카폴리 TV
https://phinf.pstatic.net/tvcast/20200506_283/loHzc_1588737573900NuHug_JPEG/1588737363832.jpg?type=u748_420,https://jr.naver.com/s/play_song/view?contentsNo=162540,[트니트니] 사랑하는 우리 가족 I 스페셜 율동 체조 I 가정의달 l 율동동요
https://phinf.pstatic.net/tvcast/20200429_282/yq1Gg_1588143312529sCyj9_JPEG/1588143283973.jpg?type=u748_420,https://jr.naver.com/s/play_song/view?contentsNo=162455,[누리체조 2기] 댄스 체조 모음집 | Kids Songs | 유치원 동요 | 율동 | 동요 | 누리놀이
https://phinf.pstatic.net/tvcast/20200401_58/80IUk_1585721974522lesDY_JPEG/1585721891600.jpg?type=u748_420,https://jr.naver.com/s/play_song/view?contentsNo=162369,‍♂️방긋방긋 웃어요 | 로보카폴리X노래친구들 랄라라 | 율동&동요 | 어린이
https://phinf.pstatic.net/tvcast/20200423_225/eKytv_1587619191087xlQ77_JPEG/1587619151939.jpg?type=u748_420,https://jr.naver.com/s/play_song/view?contentsNo=162177,[누리체조 2기] 손가락 체조 모음집 | Kids Songs | 유치원 동요 | 율동 | 동요 | 누리놀이
https://phinf.pstatic.net/tvcast/20200422_294/tMV4c_1587560153289gHtWv_JPEG/1587559918048.jpg?type=u748_420,https://jr.naver.com/s/play_song/view?contentsNo=161968,[트니트니] 봄 바람 살랑살랑 l 스페셜 율동 체조
https://phinf.pstatic.net/tvcast/20200416_198/qypXi_15870102271321kuy1_JPEG/1587010180545.jpg?type=u748_420,https://jr.naver.com/s/play_song/view?contentsNo=161831,[누리체조 2기] 함께 하는 체조 모음집 | Kids Songs | 유치원 동요 | 율동 | 동요 | 누리놀이
https://phinf.pstatic.net/tvcast/20200331_5/9VocN_1585618898452QSJ6i_JPEG/1585618860924.jpg?type=u748_420,https://jr.naver.com/s/play_song/view?contentsNo=161221,[누리체조 2기] 박자체조 모음집 | Kids Songs | 유치원 동요 | 율동 | 동요 | 누리놀이
https://phinf.pstatic.net/tvcast/20200325_198/KRawc_1585098877316KD90c_JPEG/1585098794875.jpg?type=u748_420,https://jr.naver.com/s/play_song/view?contentsNo=160905,[누리체조 2기] 힘나는 체조 모음 | Kids Songs | 유치원 동요 | 율동 | 동요 | 누리놀이
https://phinf.pstatic.net/tvcast/20200317_125/qEOPP_1584428883593IwQyf_JPEG/1584428833703.jpg?type=u748_420,https://jr.naver.com/s/play_song/view?contentsNo=160414,[누리체조 2기] 신나는 체조 모음집 | Kids Songs | 유치원 동요 | 율동 | 동요 | 누리놀이
https://phinf.pstatic.net/tvcast/20200323_73/hRzIB_1584935700059xeybr_JPEG/1584935693428.jpg?type=u748_420,https://jr.naver.com/s/play_song/view?contentsNo=160390,[트니트니] 친구야 반가워! l 스페셜 율동 체조
https://phinf.pstatic.net/tvcast/20200402_266/czXCI_1585797189489BqWKI_PNG/1585797187863.PNG?type=u748_420,https://jr.naver.com/s/play_song/view?contentsNo=160100,동물이되어요_누리과정4월(봄과동식물)
https://phinf.pstatic.net/tvcast/20200316_183/Tni68_1584346726762HyeG3_JPEG/1584346323711.jpg?type=u748_420,https://jr.naver.com/s/play_song/view?contentsNo=160061,[트니트니] 라바하우스 l 2019 겨울학기 율동체조
https://phinf.pstatic.net/tvcast/20200316_8/EEmfj_1584345066135SujhS_JPEG/1584344585436.jpg?type=u748_420,https://jr.naver.com/s/play_song/view?contentsNo=160060,[트니트니] 개굴 개굴 l 스페셜 율동 체조
https://phinf.pstatic.net/tvcast/20200309_114/z9Owx_1583717636009ElzIn_JPEG/1583717578216.jpg?type=u748_420,https://jr.naver.com/s/play_song/view?contentsNo=160051,[누리체조 2기] 얼굴체조 모음집 | Kids Songs | 유치원 동요 | 율동 | 동요 | 누리놀이
https://phinf.pstatic.net/tvcast/20200304_269/Eu3PE_1583299749416hs6Mt_JPEG/1583299657944.jpg?type=u748_420,https://jr.naver.com/s/play_song/view?contentsNo=159707,[누리체조 2기] 놀이체조 모음집 | Kids Songs | 유치원 동요 | 율동 | 동요 | 누리놀이
https://phinf.pstatic.net/tvcast/20200302_112/jk3C0_1583141409400PUJnU_JPEG/1583141157980.jpg?type=u748_420,https://jr.naver.com/s/play_song/view?contentsNo=159618,‍♂️ 로보카폴리X노래친구들 랄라라 모아보기 | 율동&동요 | 어린이
https://phinf.pstatic.net/tvcast/20200304_279/HaUOH_1583292292310bk2yR_JPEG/1583292243888.jpg?type=u748_420,https://jr.naver.com/s/play_song/view?contentsNo=159475,[트니트니] 중장비 연주회 l 2019년 겨울학기 율동체조 l 율동 애니메이션
https://phinf.pstatic.net/tvcast/20200302_286/vCl5p_1583133306322R76QY_PNG/1583133243788.PNG?type=u748_420,https://jr.naver.com/s/play_song/view?contentsNo=159423,같이 놀자 [신학기 적응동요] 3월 누리과정
https://phinf.pstatic.net/tvcast/20191227_4/AWDic_1577425395499ab7Eg_JPEG/c6b55b90-286a-11ea-9135-505dac8c3721_10.jpg?type=u748_420,https://jr.naver.com/s/play_song/view?contentsNo=156459,[축하해요기쁜성탄] 12월 누리과정 ㅣ 크리스마스캐롤
https://phinf.pstatic.net/tvcast/20191227_197/4iWTV_1577425181855pCqgG_PNG/1577425143990.png?type=u748_420,https://jr.naver.com/s/play_song/view?contentsNo=156457,[흰눈사이로] 12월 누리과정 ㅣ 크리스마스캐롤
https://phinf.pstatic.net/tvcast/20191227_208/iBOM6_15774245565795eh8m_PNG/1577424520830.png?type=u748_420,https://jr.naver.com/s/play_song/view?contentsNo=156452,[가을이왔어요] 10월 누리과정 ㅣ 가을풍경과 열매
https://phinf.pstatic.net/tvcast/20191227_267/qEUtZ_1577424395389H6PhY_PNG/1577424362865.png?type=u748_420,https://jr.naver.com/s/play_song/view?contentsNo=156449,[세계인사말] 9월 누리과정 ㅣ 세계인사말동요
https://phinf.pstatic.net/tvcast/20191227_7/3klkF_1577423780695s7FB4_PNG/1577423688421.png?type=u748_420,https://jr.naver.com/s/play_song/view?contentsNo=156441,[빙수만들기] 7월 누리과정 ㅣ 여름/여름음식
https://phinf.pstatic.net/tvcast/20200227_15/tzwni_1582781782830QiOWk_JPEG/1582781694261.jpg?type=u748_420,https://jr.naver.com/s/play_song/view?contentsNo=159344,[누리체조 2기] 음악체조 모음집 | Kids Songs | 유치원 동요 | 율동 | 동요 | 누리놀이
https://phinf.pstatic.net/tvcast/20200211_128/Nlxvh_1581399864278wx7Fi_JPEG/1581399862438.jpg?type=u748_420,https://jr.naver.com/s/play_song/view?contentsNo=157573,우리 모두 다같이 | 인기애창동요 | 쥬니버 동요
https://phinf.pstatic.net/tvcast/20200211_48/zGqLx_1581399767523EKgyo_JPEG/1581399756875.jpg?type=u748_420,https://jr.naver.com/s/play_song/view?contentsNo=157296,거미가 줄을 타고 올라갑니다 | 인기애창동요 | 쥬니버 동요
https://phinf.pstatic.net/tvcast/20200211_195/OiY8Q_1581399814330XBijg_JPEG/1581399812230.jpg?type=u748_420,https://jr.naver.com/s/play_song/view?contentsNo=156923,머리 어깨 무릎 발 | 인기애창동요 | 쥬니버 동요
https://phinf.pstatic.net/tvcast/20200211_130/Zqjc9_1581399897025imcBu_JPEG/1581399893385.jpg?type=u748_420,https://jr.naver.com/s/play_song/view?contentsNo=156647,호키포키 | 인기애창동요 | 쥬니버 동요
https://phinf.pstatic.net/tvcast/20200211_262/6acpW_1581399785578dRik3_JPEG/1581399781148.jpg?type=u748_420,https://jr.naver.com/s/play_song/view?contentsNo=155138,곰 세마리 | 인기애창동요 | 쥬니버동요
https://phinf.pstatic.net/tvcast/20200212_47/y2v0b_1581490870071xTvC0_JPEG/1581490743094.jpg?type=u748_420,https://jr.naver.com/s/play_song/view?contentsNo=158167,[트니트니] 세균아 물러가라! I 스페셜 율동체조 I 코로나 예방 I 인기동요
https://phinf.pstatic.net/tvcast/20200212_182/gWIpy_1581476323470WWsjA_JPEG/1581476265475.jpg?type=u748_420,https://jr.naver.com/s/play_song/view?contentsNo=158147,[트니트니] 응가송 리뉴얼 버전 l 생활습관 율동 체조
https://phinf.pstatic.net/tvcast/20200120_226/9P3jK_1579500403114UbMos_JPEG/1579500352915.jpg?type=u748_420,https://jr.naver.com/s/play_song/view?contentsNo=157283,[트니트니] 트니트니와 놀자 l 스페셜 율동체조
https://phinf.pstatic.net/tvcast/20190926_184/INSup_1569460475031yHIm1_JPEG/1569460425910.jpg?type=u748_420,https://jr.naver.com/s/play_song/view?contentsNo=151403,‍♂️일찍 자고 일찍 일어나요 | 로보카폴리X노래친구들 랄라라 | 율동&동요 | 어린이
https://phinf.pstatic.net/tvcast/20190926_183/xOkOP_1569460395918OpNbD_JPEG/1569460331894.jpg?type=u748_420,https://jr.naver.com/s/play_song/view?contentsNo=151346,나눔의 문 | 로보카폴리X노래친구들 랄라라 | 율동&동요 | 어린이 체조
https://phinf.pstatic.net/tvcast/20190524_112/vNMQL_1558667362085gQMdK_JPEG/1558667279512.jpg?type=u748_420,https://jr.naver.com/s/play_song/view?contentsNo=142792,‍♂️랄라라 손체조 | 로보카폴리X노래친구들 랄라라 | 율동&동요 | 어린이 체조
https://phinf.pstatic.net/tvcast/20190426_298/MGVkz_15562682904219xV44_JPEG/1556268219420.jpg?type=u748_420,https://jr.naver.com/s/play_song/view?contentsNo=140610,구조대 친구들 | 로보카폴리X노래친구들 랄라라 | 율동&동요
https://phinf.pstatic.net/tvcast/20190315_229/e9nLG_1552642981195DN66P_JPEG/1552642902328.jpg?type=u748_420,https://jr.naver.com/s/play_song/view?contentsNo=137099,‍♂️세모네모동그라미 | 로보카폴리X노래친구들 랄라라 | 율동&동요
https://phinf.pstatic.net/tvcast/20190315_130/KNdei_15526428893907Y6a0_JPEG/1552642815864.jpg?type=u748_420,https://jr.naver.com/s/play_song/view?contentsNo=137007,잘 살피고 건너요 | 로보카폴리X노래친구들 랄라라 | 율동&동요
https://phinf.pstatic.net/tvcast/20190315_229/69k98_1552642798638K3lj6_JPEG/1552642736642.jpg?type=u748_420,https://jr.naver.com/s/play_song/view?contentsNo=136753,‍♂️뽀뽀뽀 체조곡 일어나요 | 로보카폴리X노래친구들 랄라라 | 율동&동요
https://phinf.pstatic.net/tvcast/20190130_20/jzEDu_15488295312546L3C3_JPEG/1548829393776.jpg?type=u748_420,https://jr.naver.com/s/play_song/view?contentsNo=133676,색깔 여행 | 로보카폴리X노래친구들 랄라라 | 율동&동요
https://phinf.pstatic.net/tvcast/20190130_7/GQNPM_1548829372094w60P8_JPEG/1548829114548.jpg?type=u748_420,https://jr.naver.com/s/play_song/view?contentsNo=133497,‍♂️한글 놀이 | 로보카폴리X노래친구들 랄라라 | 율동&동요
https://phinf.pstatic.net/tvcast/20190130_133/uq8re_1548829088044J0DO5_JPEG/1548828950229.jpg?type=u748_420,https://jr.naver.com/s/play_song/view?contentsNo=133462,손가락 숫자 놀이 | 로보카폴리X노래친구들 랄라라 | 율동&동요
https://phinf.pstatic.net/tvcast/20181210_66/gTlNb_1544406991993u0duK_JPEG/1544406865984.jpg?type=u748_420,https://jr.naver.com/s/play_song/view?contentsNo=129333,‍♂️신나는 겨울 | 로보카폴리X노래친구들 랄라라 | 율동&동요 | 크리스마스
https://phinf.pstatic.net/tvcast/20191231_268/b0eCm_1577770399897yjisl_PNG/1577770209618.png?type=u748_420,https://jr.naver.com/s/play_song/view?contentsNo=156373,연날리기 | 겨울동요 | 애창동요 [깨비키즈 KEBIKIDS]
https://phinf.pstatic.net/tvcast/20191227_205/F7BXF_1577425873203ppFsA_JPEG/1577425838460.jpg?type=u748_420,https://jr.naver.com/s/play_song/view?contentsNo=156063,[트니트니] 트니트니 친구들 축하해요 l 2019년 가을학기 율동 체조
https://phinf.pstatic.net/tvcast/20191227_249/0itrO_1577423168995eeEA0_JPEG/1577423033878.jpg?type=u748_420,https://jr.naver.com/s/play_song/view?contentsNo=156007,[트니트니] 새해 복 많이 받으세요 l 스페셜 율동체조
https://phinf.pstatic.net/tvcast/20191219_282/w8Q9T_15767225987272IxlD_JPEG/1576722093342.jpg?type=u748_420,https://jr.naver.com/s/play_song/view?contentsNo=155632,[트니트니] 메리 메리 크리스마스! l 스페셜 율동 체조
https://phinf.pstatic.net/tvcast/20191213_268/GKpx9_1576204532711m3DCS_JPEG/1576204481960.jpg?type=u748_420,https://jr.naver.com/s/play_song/view?contentsNo=155353,[트니트니] 양치양치 양양양 l 2019년 가을학기 율동체조
https://phinf.pstatic.net/tvcast/20191205_40/RLiix_1575516439505NMGHX_PNG/1575516319221.png?type=u748_420,https://jr.naver.com/s/play_song/view?contentsNo=154938,[트니트니] 라바하우스 l 교구 놀이 율동 체조
https://phinf.pstatic.net/tvcast/20200429_282/yq1Gg_1588143312529sCyj9_JPEG/1588143283973.jpg?type=u748_420,https://jr.naver.com/s/play_song/view?contentsNo=162455,[누리체조 2기] 댄스 체조 모음집 | Kids Songs | 유치원 동요 | 율동 | 동요 | 누리놀이
https://phinf.pstatic.net/tvcast/20200401_58/80IUk_1585721974522lesDY_JPEG/1585721891600.jpg?type=u748_420,https://jr.naver.com/s/play_song/view?contentsNo=162369,‍♂️방긋방긋 웃어요 | 로보카폴리X노래친구들 랄라라 | 율동&동요 | 어린이
https://phinf.pstatic.net/tvcast/20200423_225/eKytv_1587619191087xlQ77_JPEG/1587619151939.jpg?type=u748_420,https://jr.naver.com/s/play_song/view?contentsNo=162177,[누리체조 2기] 손가락 체조 모음집 | Kids Songs | 유치원 동요 | 율동 | 동요 | 누리놀이
https://phinf.pstatic.net/tvcast/20200422_294/tMV4c_1587560153289gHtWv_JPEG/1587559918048.jpg?type=u748_420,https://jr.naver.com/s/play_song/view?contentsNo=161968,[트니트니] 봄 바람 살랑살랑 l 스페셜 율동 체조
https://phinf.pstatic.net/tvcast/20200416_198/qypXi_15870102271321kuy1_JPEG/1587010180545.jpg?type=u748_420,https://jr.naver.com/s/play_song/view?contentsNo=161831,[누리체조 2기] 함께 하는 체조 모음집 | Kids Songs | 유치원 동요 | 율동 | 동요 | 누리놀이
https://phinf.pstatic.net/tvcast/20200331_5/9VocN_1585618898452QSJ6i_JPEG/1585618860924.jpg?type=u748_420,https://jr.naver.com/s/play_song/view?contentsNo=161221,[누리체조 2기] 박자체조 모음집 | Kids Songs | 유치원 동요 | 율동 | 동요 | 누리놀이
https://phinf.pstatic.net/tvcast/20200325_198/KRawc_1585098877316KD90c_JPEG/1585098794875.jpg?type=u748_420,https://jr.naver.com/s/play_song/view?contentsNo=160905,[누리체조 2기] 힘나는 체조 모음 | Kids Songs | 유치원 동요 | 율동 | 동요 | 누리놀이
https://phinf.pstatic.net/tvcast/20200317_125/qEOPP_1584428883593IwQyf_JPEG/1584428833703.jpg?type=u748_420,https://jr.naver.com/s/play_song/view?contentsNo=160414,[누리체조 2기] 신나는 체조 모음집 | Kids Songs | 유치원 동요 | 율동 | 동요 | 누리놀이
https://phinf.pstatic.net/tvcast/20200323_73/hRzIB_1584935700059xeybr_JPEG/1584935693428.jpg?type=u748_420,https://jr.naver.com/s/play_song/view?contentsNo=160390,[트니트니] 친구야 반가워! l 스페셜 율동 체조
https://phinf.pstatic.net/tvcast/20200402_266/czXCI_1585797189489BqWKI_PNG/1585797187863.PNG?type=u748_420,https://jr.naver.com/s/play_song/view?contentsNo=160100,동물이되어요_누리과정4월(봄과동식물)
https://phinf.pstatic.net/tvcast/20200316_183/Tni68_1584346726762HyeG3_JPEG/1584346323711.jpg?type=u748_420,https://jr.naver.com/s/play_song/view?contentsNo=160061,[트니트니] 라바하우스 l 2019 겨울학기 율동체조
https://phinf.pstatic.net/tvcast/20200316_8/EEmfj_1584345066135SujhS_JPEG/1584344585436.jpg?type=u748_420,https://jr.naver.com/s/play_song/view?contentsNo=160060,[트니트니] 개굴 개굴 l 스페셜 율동 체조
https://phinf.pstatic.net/tvcast/20200309_114/z9Owx_1583717636009ElzIn_JPEG/1583717578216.jpg?type=u748_420,https://jr.naver.com/s/play_song/view?contentsNo=160051,[누리체조 2기] 얼굴체조 모음집 | Kids Songs | 유치원 동요 | 율동 | 동요 | 누리놀이
https://phinf.pstatic.net/tvcast/20200304_269/Eu3PE_1583299749416hs6Mt_JPEG/1583299657944.jpg?type=u748_420,https://jr.naver.com/s/play_song/view?contentsNo=159707,[누리체조 2기] 놀이체조 모음집 | Kids Songs | 유치원 동요 | 율동 | 동요 | 누리놀이
https://phinf.pstatic.net/tvcast/20200302_112/jk3C0_1583141409400PUJnU_JPEG/1583141157980.jpg?type=u748_420,https://jr.naver.com/s/play_song/view?contentsNo=159618,‍♂️ 로보카폴리X노래친구들 랄라라 모아보기 | 율동&동요 | 어린이
https://phinf.pstatic.net/tvcast/20200304_279/HaUOH_1583292292310bk2yR_JPEG/1583292243888.jpg?type=u748_420,https://jr.naver.com/s/play_song/view?contentsNo=159475,[트니트니] 중장비 연주회 l 2019년 겨울학기 율동체조 l 율동 애니메이션
https://phinf.pstatic.net/tvcast/20200302_286/vCl5p_1583133306322R76QY_PNG/1583133243788.PNG?type=u748_420,https://jr.naver.com/s/play_song/view?contentsNo=159423,같이 놀자 [신학기 적응동요] 3월 누리과정
https://phinf.pstatic.net/tvcast/20191227_4/AWDic_1577425395499ab7Eg_JPEG/c6b55b90-286a-11ea-9135-505dac8c3721_10.jpg?type=u748_420,https://jr.naver.com/s/play_song/view?contentsNo=156459,[축하해요기쁜성탄] 12월 누리과정 ㅣ 크리스마스캐롤
https://phinf.pstatic.net/tvcast/20191227_197/4iWTV_1577425181855pCqgG_PNG/1577425143990.png?type=u748_420,https://jr.naver.com/s/play_song/view?contentsNo=156457,[흰눈사이로] 12월 누리과정 ㅣ 크리스마스캐롤
https://phinf.pstatic.net/tvcast/20191227_208/iBOM6_15774245565795eh8m_PNG/1577424520830.png?type=u748_420,https://jr.naver.com/s/play_song/view?contentsNo=156452,[가을이왔어요] 10월 누리과정 ㅣ 가을풍경과 열매
https://phinf.pstatic.net/tvcast/20191227_267/qEUtZ_1577424395389H6PhY_PNG/1577424362865.png?type=u748_420,https://jr.naver.com/s/play_song/view?contentsNo=156449,[세계인사말] 9월 누리과정 ㅣ 세계인사말동요
https://phinf.pstatic.net/tvcast/20191227_7/3klkF_1577423780695s7FB4_PNG/1577423688421.png?type=u748_420,https://jr.naver.com/s/play_song/view?contentsNo=156441,[빙수만들기] 7월 누리과정 ㅣ 여름/여름음식
https://phinf.pstatic.net/tvcast/20200227_15/tzwni_1582781782830QiOWk_JPEG/1582781694261.jpg?type=u748_420,https://jr.naver.com/s/play_song/view?contentsNo=159344,[누리체조 2기] 음악체조 모음집 | Kids Songs | 유치원 동요 | 율동 | 동요 | 누리놀이
https://phinf.pstatic.net/tvcast/20200211_128/Nlxvh_1581399864278wx7Fi_JPEG/1581399862438.jpg?type=u748_420,https://jr.naver.com/s/play_song/view?contentsNo=157573,우리 모두 다같이 | 인기애창동요 | 쥬니버 동요
https://phinf.pstatic.net/tvcast/20200211_48/zGqLx_1581399767523EKgyo_JPEG/1581399756875.jpg?type=u748_420,https://jr.naver.com/s/play_song/view?contentsNo=157296,거미가 줄을 타고 올라갑니다 | 인기애창동요 | 쥬니버 동요
https://phinf.pstatic.net/tvcast/20200211_195/OiY8Q_1581399814330XBijg_JPEG/1581399812230.jpg?type=u748_420,https://jr.naver.com/s/play_song/view?contentsNo=156923,머리 어깨 무릎 발 | 인기애창동요 | 쥬니버 동요
https://phinf.pstatic.net/tvcast/20200211_130/Zqjc9_1581399897025imcBu_JPEG/1581399893385.jpg?type=u748_420,https://jr.naver.com/s/play_song/view?contentsNo=156647,호키포키 | 인기애창동요 | 쥬니버 동요
https://phinf.pstatic.net/tvcast/20200211_262/6acpW_1581399785578dRik3_JPEG/1581399781148.jpg?type=u748_420,https://jr.naver.com/s/play_song/view?contentsNo=155138,곰 세마리 | 인기애창동요 | 쥬니버동요
https://phinf.pstatic.net/tvcast/20200212_47/y2v0b_1581490870071xTvC0_JPEG/1581490743094.jpg?type=u748_420,https://jr.naver.com/s/play_song/view?contentsNo=158167,[트니트니] 세균아 물러가라! I 스페셜 율동체조 I 코로나 예방 I 인기동요
https://phinf.pstatic.net/tvcast/20200212_182/gWIpy_1581476323470WWsjA_JPEG/1581476265475.jpg?type=u748_420,https://jr.naver.com/s/play_song/view?contentsNo=158147,[트니트니] 응가송 리뉴얼 버전 l 생활습관 율동 체조
https://phinf.pstatic.net/tvcast/20200120_226/9P3jK_1579500403114UbMos_JPEG/1579500352915.jpg?type=u748_420,https://jr.naver.com/s/play_song/view?contentsNo=157283,[트니트니] 트니트니와 놀자 l 스페셜 율동체조
https://phinf.pstatic.net/tvcast/20190926_184/INSup_1569460475031yHIm1_JPEG/1569460425910.jpg?type=u748_420,https://jr.naver.com/s/play_song/view?contentsNo=151403,‍♂️일찍 자고 일찍 일어나요 | 로보카폴리X노래친구들 랄라라 | 율동&동요 | 어린이
https://phinf.pstatic.net/tvcast/20190926_183/xOkOP_1569460395918OpNbD_JPEG/1569460331894.jpg?type=u748_420,https://jr.naver.com/s/play_song/view?contentsNo=151346,나눔의 문 | 로보카폴리X노래친구들 랄라라 | 율동&동요 | 어린이 체조
https://phinf.pstatic.net/tvcast/20190524_112/vNMQL_1558667362085gQMdK_JPEG/1558667279512.jpg?type=u748_420,https://jr.naver.com/s/play_song/view?contentsNo=142792,‍♂️랄라라 손체조 | 로보카폴리X노래친구들 랄라라 | 율동&동요 | 어린이 체조
https://phinf.pstatic.net/tvcast/20190426_298/MGVkz_15562682904219xV44_JPEG/1556268219420.jpg?type=u748_420,https://jr.naver.com/s/play_song/view?contentsNo=140610,구조대 친구들 | 로보카폴리X노래친구들 랄라라 | 율동&동요
https://phinf.pstatic.net/tvcast/20190315_229/e9nLG_1552642981195DN66P_JPEG/1552642902328.jpg?type=u748_420,https://jr.naver.com/s/play_song/view?contentsNo=137099,‍♂️세모네모동그라미 | 로보카폴리X노래친구들 랄라라 | 율동&동요
https://phinf.pstatic.net/tvcast/20190315_130/KNdei_15526428893907Y6a0_JPEG/1552642815864.jpg?type=u748_420,https://jr.naver.com/s/play_song/view?contentsNo=137007,잘 살피고 건너요 | 로보카폴리X노래친구들 랄라라 | 율동&동요
https://phinf.pstatic.net/tvcast/20190315_229/69k98_1552642798638K3lj6_JPEG/1552642736642.jpg?type=u748_420,https://jr.naver.com/s/play_song/view?contentsNo=136753,‍♂️뽀뽀뽀 체조곡 일어나요 | 로보카폴리X노래친구들 랄라라 | 율동&동요
https://phinf.pstatic.net/tvcast/20190130_20/jzEDu_15488295312546L3C3_JPEG/1548829393776.jpg?type=u748_420,https://jr.naver.com/s/play_song/view?contentsNo=133676,색깔 여행 | 로보카폴리X노래친구들 랄라라 | 율동&동요
https://phinf.pstatic.net/tvcast/20190130_7/GQNPM_1548829372094w60P8_JPEG/1548829114548.jpg?type=u748_420,https://jr.naver.com/s/play_song/view?contentsNo=133497,‍♂️한글 놀이 | 로보카폴리X노래친구들 랄라라 | 율동&동요
https://phinf.pstatic.net/tvcast/20190130_133/uq8re_1548829088044J0DO5_JPEG/1548828950229.jpg?type=u748_420,https://jr.naver.com/s/play_song/view?contentsNo=133462,손가락 숫자 놀이 | 로보카폴리X노래친구들 랄라라 | 율동&동요
https://phinf.pstatic.net/tvcast/20181210_66/gTlNb_1544406991993u0duK_JPEG/1544406865984.jpg?type=u748_420,https://jr.naver.com/s/play_song/view?contentsNo=129333,‍♂️신나는 겨울 | 로보카폴리X노래친구들 랄라라 | 율동&동요 | 크리스마스
https://phinf.pstatic.net/tvcast/20191231_268/b0eCm_1577770399897yjisl_PNG/1577770209618.png?type=u748_420,https://jr.naver.com/s/play_song/view?contentsNo=156373,연날리기 | 겨울동요 | 애창동요 [깨비키즈 KEBIKIDS]
https://phinf.pstatic.net/tvcast/20191227_205/F7BXF_1577425873203ppFsA_JPEG/1577425838460.jpg?type=u748_420,https://jr.naver.com/s/play_song/view?contentsNo=156063,[트니트니] 트니트니 친구들 축하해요 l 2019년 가을학기 율동 체조
https://jr.naver.com/assets/img/transparent_374_210.png,https://jr.naver.com/s/play_song/view?contentsNo=156007,[트니트니] 새해 복 많이 받으세요 l 스페셜 율동체조
https://jr.naver.com/assets/img/transparent_374_210.png,https://jr.naver.com/s/play_song/view?contentsNo=155632,[트니트니] 메리 메리 크리스마스! l 스페셜 율동 체조
https://jr.naver.com/assets/img/transparent_374_210.png,https://jr.naver.com/s/play_song/view?contentsNo=155353,[트니트니] 양치양치 양양양 l 2019년 가을학기 율동체조
https://jr.naver.com/assets/img/transparent_374_210.png,https://jr.naver.com/s/play_song/view?contentsNo=154938,[트니트니] 라바하우스 l 교구 놀이 율동 체조
https://phinf.pstatic.net/tvcast/20190715_294/EcQRf_1563168450207wtSFm_JPEG/1563168447149.jpg?type=u748_420,https://jr.naver.com/s/play_song/view?contentsNo=146608,[스마트콩콩체조/똑똑해지는체조] 출동! 슈퍼영웅
https://phinf.pstatic.net/tvcast/20190705_205/40yke_1562308160986Uhp1K_PNG/1562307900855.png?type=u748_420,https://jr.naver.com/s/play_song/view?contentsNo=146512,통통통 | 맨손체조 |  율동동요 | 인기동요 |  애창동요 |  놀이동요 [깨비키즈 KEBIKIDS]
https://phinf.pstatic.net/tvcast/20190705_12/JyjpF_1562296794517osBx3_PNG/1562296791616.png?type=u748_420,https://jr.naver.com/s/play_song/view?contentsNo=146318,리듬악기놀이 | 악기놀이 | 인기동요 | 애창동요 | 놀이동요 [깨비키즈 KEBIKIDS]
https://phinf.pstatic.net/tvcast/20190710_195/psXli_15627391293645LMXP_JPEG/1562739114809.jpg?type=u748_420,https://jr.naver.com/s/play_song/view?contentsNo=146216,[스마트콩콩체조/마음이시원해지는체조] 얍! 얍! 체조
https://phinf.pstatic.net/tvcast/20190708_7/PNvcF_1562564192507jdtVL_JPEG/1562563625615.jpg?type=u748_420,https://jr.naver.com/s/play_song/view?contentsNo=146081,[트니트니] 트니 기상청 l 스페셜 율동 체조
https://phinf.pstatic.net/tvcast/20190702_17/ZclPI_15620325447795uDC0_PNG/1562032248832.png?type=u748_420,https://jr.naver.com/s/play_song/view?contentsNo=146003,숨바꼭질 | 꼭꼭 숨어라 | 인기동요 | 애창동요 | 놀이동요 [깨비키즈 KEBIKIDS]
https://phinf.pstatic.net/tvcast/20190702_256/N7KQJ_1562031571376ynaIk_PNG/1562031461469.png?type=u748_420,https://jr.naver.com/s/play_song/view?contentsNo=145957,삐뚤빼뚤 | 맨손체조 | 인기동요 | 애창동요 | 놀이동요 [깨비키즈 KEBIKIDS]
https://phinf.pstatic.net/tvcast/20190704_38/hnyap_1562219784143LPjRI_JPEG/1562219780033.jpg?type=u748_420,https://jr.naver.com/s/play_song/view?contentsNo=145935,[스마트콩콩체조/튼튼해지는체조] 가위바위보
https://phinf.pstatic.net/tvcast/20190701_169/cHEyx_15619691275606LkyE_PNG/1561968706938.png?type=u748_420,https://jr.naver.com/s/play_song/view?contentsNo=145815,짤랑짤랑 | 율동동요 | 인기동요 | 애창동요 | 놀이동요 [깨비키즈 KEBIKIDS]
https://phinf.pstatic.net/tvcast/20190628_233/x59aV_1561704039966CQ4VF_PNG/1561703770987.png?type=u748_420,https://jr.naver.com/s/play_song/view?contentsNo=145166,우리 모두 다 같이| 인기동요 | 애창동요 | 놀이동요 [깨비키즈 KEBIKIDS]
https://phinf.pstatic.net/tvcast/20190627_232/R4VWw_1561621264460CBelv_PNG/1561620377344.png?type=u748_420,https://jr.naver.com/s/play_song/view?contentsNo=145096,호키포키 | 율동동요 |  인기동요 |  놀이동요 [깨비키즈 KEBIKIDS]
https://phinf.pstatic.net/tvcast/20190626_180/qiaYE_15615278234354jXP4_PNG/1561527538084.png?type=u748_420,https://jr.naver.com/s/play_song/view?contentsNo=145016,전화놀이 | 따르릉 | 인기동요 | 놀이동요 [깨비키즈 KEBIKIDS]
https://phinf.pstatic.net/tvcast/20190619_182/RK739_1560914952719OUl89_PNG/1560914851445.png?type=u748_420,https://jr.naver.com/s/play_song/view?contentsNo=144902,간다간다 | 인기동요 | 애창동요 | 놀이동요 [깨비키즈 KEBIKIDS]
https://phinf.pstatic.net/tvcast/20190620_150/ugJd9_1561017091687ny3kJ_JPEG/1561017062607.jpg?type=u748_420,https://jr.naver.com/s/play_song/view?contentsNo=144611,[스마트콩콩체조/튼튼해지는체조] 조금만 더
https://phinf.pstatic.net/tvcast/20190613_231/uoEqm_1560395264103rPn3D_PNG/1560394991610.png?type=u748_420,https://jr.naver.com/s/play_song/view?contentsNo=144564,올라가는 눈 | 인기동요 | 율동동요 | 놀이동요 [깨비키즈 KEBIKIDS]
https://phinf.pstatic.net/tvcast/20190619_78/kwCJz_1560925399395P4U4B_PNG/1560925389359.png?type=u748_420,https://jr.naver.com/s/play_song/view?contentsNo=144450,[트니트니] 트니잠수함 l 교구 활용 영상
https://phinf.pstatic.net/tvcast/20190617_71/8VGDN_15607545995257a9ip_JPEG/1560754512172.jpg?type=u748_420,https://jr.naver.com/s/play_song/view?contentsNo=144281,[트니트니] 산타할아버지는 무엇을 할까? l 스페셜 율동 체조
https://phinf.pstatic.net/tvcast/20190613_269/vROKq_1560394474275MYewm_PNG/1560394224956.png?type=u748_420,https://jr.naver.com/s/play_song/view?contentsNo=144242,두 손 가지고 | 인기동요 | 애창동요 | 놀이동요 [깨비키즈 KEBIKIDS]
https://phinf.pstatic.net/tvcast/20190614_269/DpmDm_1560491428659qRcJ9_JPEG/1560491390170.jpg?type=u748_420,https://jr.naver.com/s/play_song/view?contentsNo=144124,[누리놀이/안전교육] 황사를 조심해요 / Watch out for yellow dust. / 小心沙尘暴
https://phinf.pstatic.net/tvcast/20190614_41/wFO1L_1560478437037XJB38_JPEG/1560478363522.jpg?type=u748_420,https://jr.naver.com/s/play_song/view?contentsNo=144101,[트니트니] 야채가 좋아 l 생활습관 율동 체조
https://phinf.pstatic.net/tvcast/20190613_236/EAkFo_1560412076116qA40W_JPEG/1560412073502.jpg?type=u748_420,https://jr.naver.com/s/play_song/view?contentsNo=144075,"[스마트콩콩체조/튼튼해지는체조]  Yes, I Can"
https://phinf.pstatic.net/tvcast/20190611_262/9VO9d_1560221435061beSfd_JPEG/1560221356843.jpg?type=u748_420,https://jr.naver.com/s/play_song/view?contentsNo=143913,[트니트니] 치카치카 대장 l 스페셜 율동 체조
https://phinf.pstatic.net/tvcast/20190610_46/M6Nhb_1560146519002OfHt1_JPEG/1560146470162.jpg?type=u748_420,https://jr.naver.com/s/play_song/view?contentsNo=143828,[트니트니] 트니 프렌즈! 디스코 l 율동 애니메이션
https://phinf.pstatic.net/tvcast/20190607_43/trZGW_15598876130551XMBd_PNG/1559887316939.png?type=u748_420,https://jr.naver.com/s/play_song/view?contentsNo=143791,누구하고 노나 | 인기동요 | 애창동요 | 놀이동요 [깨비키즈 KEBIKIDS]
https://phinf.pstatic.net/tvcast/20190607_82/3hckf_1559885337909iGJ5n_PNG/1559885054431.png?type=u748_420,https://jr.naver.com/s/play_song/view?contentsNo=143724,종이접기 | 색종이 | 미술놀이 | 인기동요 | 놀이동요 [깨비키즈 KEBIKIDS]
https://phinf.pstatic.net/tvcast/20190604_77/jTt78_1559626351291E9pCn_JPEG/1559626296609.jpg?type=u748_420,https://jr.naver.com/s/play_song/view?contentsNo=143399,[트니트니] 트니프렌즈! 슈퍼스타 l 율동애니메이션
https://phinf.pstatic.net/tvcast/20190531_246/kmap9_1559285676821BjmQr_JPEG/1559285599272.jpg?type=u748_420,https://jr.naver.com/s/play_song/view?contentsNo=143128,[스마트콩콩체조/똑똑해지는체조] 만나요 체조 / gymnastics / 见面吧体操
https://phinf.pstatic.net/tvcast/20190530_131/pSKyz_1559206027974T5tgy_JPEG/1559205949745.jpg?type=u748_420,https://jr.naver.com/s/play_song/view?contentsNo=143073,[트니트니] 감기에 걸렸네 l 생활습관 율동 체조
https://phinf.pstatic.net/tvcast/20190529_241/7nEZJ_1559117780370tEuUn_JPEG/1559117581941.jpg?type=u748_420,https://jr.naver.com/s/play_song/view?contentsNo=142988,[트니트니] 착한 트니친구들 l 스페셜 율동 체조
https://phinf.pstatic.net/tvcast/20190528_1/4HxlV_1559034983724thPwn_JPEG/1559034922326.jpg?type=u748_420,https://jr.naver.com/s/play_song/view?contentsNo=142936,[트니트니] 트니프렌즈모래놀이세트 l 교구 활용 영상
https://phinf.pstatic.net/tvcast/20190528_162/LRfIn_1559034714384tOeQu_JPEG/1559034711288.jpg?type=u748_420,https://jr.naver.com/s/play_song/view?contentsNo=142845,[스마트콩콩체조/머리가똑똑해지는체조] 호이호잇!
https://phinf.pstatic.net/tvcast/20190524_224/YwftE_1558674532497bfTCx_JPEG/1558674407003.jpg?type=u748_420,https://jr.naver.com/s/play_song/view?contentsNo=142681,[트니트니] 해님과 놀자 l 자연 친구들 율동체조
https://phinf.pstatic.net/tvcast/20190517_47/ja8cM_1558072582238A9SPT_JPEG/1558072524636.jpg?type=u748_420,https://jr.naver.com/s/play_song/view?contentsNo=142416,[트니트니] 울랄라 l 율동애니메이션
https://phinf.pstatic.net/tvcast/20190520_89/HsKK8_1558328688114BhvVA_JPEG/1558328669527.jpg?type=u748_420,https://jr.naver.com/s/play_song/view?contentsNo=142379,[스마트콩콩체조/똑똑해지는체조] 꼼지락 손가락
https://phinf.pstatic.net/tvcast/20190517_31/wZLPy_1558068635583nyyvh_JPEG/1558068509497.jpg?type=u748_420,https://jr.naver.com/s/play_song/view?contentsNo=142265,[트니트니] 친구들 조심조심 l 스페셜 율동체조
https://phinf.pstatic.net/tvcast/20190516_36/1sXX7_1557964031822PFNty_JPEG/1557964026399.jpg?type=u748_420,https://jr.naver.com/s/play_song/view?contentsNo=141635,[스마트콩콩체조/똑똑해지는체조] 뿜빠 뿜빠 내 몸 악기
https://phinf.pstatic.net/tvcast/20190515_105/fTzms_1557883462741Qo0fz_JPEG/1557883394985.jpg?type=u748_420,https://jr.naver.com/s/play_song/view?contentsNo=141516,[트니트니] 만나서 반가워요 l 트니 프렌즈 율동 애니메이션
https://phinf.pstatic.net/tvcast/20190513_30/iic18_1557724149284NE6fy_JPEG/1557724081798.jpg?type=u748_420,https://jr.naver.com/s/play_song/view?contentsNo=141322,[트니트니] 공룡이 나타났다 l 스페셜 율동 체조
https://phinf.pstatic.net/tvcast/20190507_29/PdJBA_1557203757688Qf44K_JPEG/1557203536061.jpg?type=u748_420,https://jr.naver.com/s/play_song/view?contentsNo=140839,[트니트니] 사랑해요 엄마 아빠 l 스페셜 율동 체조
https://phinf.pstatic.net/tvcast/20190503_212/um6lO_1556869274538M9k54_JPEG/1556869262287.jpg?type=u748_420,https://jr.naver.com/s/play_song/view?contentsNo=140662,[트니트니] 골고루 먹어요 l 생활습관 율동 체조
https://phinf.pstatic.net/tvcast/20190502_100/pB1zQ_1556784759936VNj9r_JPEG/1556784686972.jpg?type=u748_420,https://jr.naver.com/s/play_song/view?contentsNo=140591,[트니트니] 무지개 나라 l 자연친구들 율동 체조
https://phinf.pstatic.net/tvcast/20190430_115/fkXyK_1556618335330QLHcD_JPEG/1556618125895.jpg?type=u748_420,https://jr.naver.com/s/play_song/view?contentsNo=140419,[트니트니] 신나는 어린이날 l 스페셜 율동 체조
https://phinf.pstatic.net/tvcast/20190429_37/WypYx_1556522626574bmAIF_JPEG/1556522580352.jpg?type=u748_420,https://jr.naver.com/s/play_song/view?contentsNo=140246,[트니트니] 약을 먹어요 l 생활습관 율동 체조
https://phinf.pstatic.net/tvcast/20190429_56/a5mOg_1556522224076yMATb_JPEG/1556522179635.jpg?type=u748_420,https://jr.naver.com/s/play_song/view?contentsNo=140245,[트니트니] 2019트니트니 여름학기 교구소개 l 교구 활용 영상
https://phinf.pstatic.net/tvcast/20190425_145/V3sLd_1556157457951vW9KT_JPEG/1556157399054.jpg?type=u748_420,https://jr.naver.com/s/play_song/view?contentsNo=139996,[트니트니] 먹구름 l 자연친구들 율동 체조
https://phinf.pstatic.net/tvcast/20190424_96/ZZ0f2_1556073997558brI2j_JPEG/1556073963684.jpg?type=u748_420,https://jr.naver.com/s/play_song/view?contentsNo=139917,[트니트니] 잠깐 l 생활습관 율동 체조
https://phinf.pstatic.net/tvcast/20190422_268/wHNJ8_15558998593083rpAj_PNG/1555899850894.png?type=u748_420,https://jr.naver.com/s/play_song/view?contentsNo=139653,우리 모두 다 함께 [깨비키즈 KEBIKIDS]
https://phinf.pstatic.net/tvcast/20190408_197/jmkND_1554703612005i39gX_JPEG/1554703505323.jpg?type=u748_420,https://jr.naver.com/s/play_song/view?contentsNo=139520,[트니트니] 신나게 놀자 l 스페셜 율동 체조
https://phinf.pstatic.net/tvcast/20190715_294/EcQRf_1563168450207wtSFm_JPEG/1563168447149.jpg?type=u748_420,https://jr.naver.com/s/play_song/view?contentsNo=146608,[스마트콩콩체조/똑똑해지는체조] 출동! 슈퍼영웅
https://phinf.pstatic.net/tvcast/20190705_205/40yke_1562308160986Uhp1K_PNG/1562307900855.png?type=u748_420,https://jr.naver.com/s/play_song/view?contentsNo=146512,통통통 | 맨손체조 |  율동동요 | 인기동요 |  애창동요 |  놀이동요 [깨비키즈 KEBIKIDS]
https://phinf.pstatic.net/tvcast/20190705_12/JyjpF_1562296794517osBx3_PNG/1562296791616.png?type=u748_420,https://jr.naver.com/s/play_song/view?contentsNo=146318,리듬악기놀이 | 악기놀이 | 인기동요 | 애창동요 | 놀이동요 [깨비키즈 KEBIKIDS]
https://phinf.pstatic.net/tvcast/20190710_195/psXli_15627391293645LMXP_JPEG/1562739114809.jpg?type=u748_420,https://jr.naver.com/s/play_song/view?contentsNo=146216,[스마트콩콩체조/마음이시원해지는체조] 얍! 얍! 체조
https://phinf.pstatic.net/tvcast/20190708_7/PNvcF_1562564192507jdtVL_JPEG/1562563625615.jpg?type=u748_420,https://jr.naver.com/s/play_song/view?contentsNo=146081,[트니트니] 트니 기상청 l 스페셜 율동 체조
https://phinf.pstatic.net/tvcast/20190702_17/ZclPI_15620325447795uDC0_PNG/1562032248832.png?type=u748_420,https://jr.naver.com/s/play_song/view?contentsNo=146003,숨바꼭질 | 꼭꼭 숨어라 | 인기동요 | 애창동요 | 놀이동요 [깨비키즈 KEBIKIDS]
https://phinf.pstatic.net/tvcast/20190702_256/N7KQJ_1562031571376ynaIk_PNG/1562031461469.png?type=u748_420,https://jr.naver.com/s/play_song/view?contentsNo=145957,삐뚤빼뚤 | 맨손체조 | 인기동요 | 애창동요 | 놀이동요 [깨비키즈 KEBIKIDS]
https://phinf.pstatic.net/tvcast/20190704_38/hnyap_1562219784143LPjRI_JPEG/1562219780033.jpg?type=u748_420,https://jr.naver.com/s/play_song/view?contentsNo=145935,[스마트콩콩체조/튼튼해지는체조] 가위바위보
https://phinf.pstatic.net/tvcast/20190701_169/cHEyx_15619691275606LkyE_PNG/1561968706938.png?type=u748_420,https://jr.naver.com/s/play_song/view?contentsNo=145815,짤랑짤랑 | 율동동요 | 인기동요 | 애창동요 | 놀이동요 [깨비키즈 KEBIKIDS]
https://phinf.pstatic.net/tvcast/20190628_233/x59aV_1561704039966CQ4VF_PNG/1561703770987.png?type=u748_420,https://jr.naver.com/s/play_song/view?contentsNo=145166,우리 모두 다 같이| 인기동요 | 애창동요 | 놀이동요 [깨비키즈 KEBIKIDS]
https://phinf.pstatic.net/tvcast/20190627_232/R4VWw_1561621264460CBelv_PNG/1561620377344.png?type=u748_420,https://jr.naver.com/s/play_song/view?contentsNo=145096,호키포키 | 율동동요 |  인기동요 |  놀이동요 [깨비키즈 KEBIKIDS]
https://phinf.pstatic.net/tvcast/20190626_180/qiaYE_15615278234354jXP4_PNG/1561527538084.png?type=u748_420,https://jr.naver.com/s/play_song/view?contentsNo=145016,전화놀이 | 따르릉 | 인기동요 | 놀이동요 [깨비키즈 KEBIKIDS]
https://phinf.pstatic.net/tvcast/20190619_182/RK739_1560914952719OUl89_PNG/1560914851445.png?type=u748_420,https://jr.naver.com/s/play_song/view?contentsNo=144902,간다간다 | 인기동요 | 애창동요 | 놀이동요 [깨비키즈 KEBIKIDS]
https://phinf.pstatic.net/tvcast/20190620_150/ugJd9_1561017091687ny3kJ_JPEG/1561017062607.jpg?type=u748_420,https://jr.naver.com/s/play_song/view?contentsNo=144611,[스마트콩콩체조/튼튼해지는체조] 조금만 더
https://phinf.pstatic.net/tvcast/20190613_231/uoEqm_1560395264103rPn3D_PNG/1560394991610.png?type=u748_420,https://jr.naver.com/s/play_song/view?contentsNo=144564,올라가는 눈 | 인기동요 | 율동동요 | 놀이동요 [깨비키즈 KEBIKIDS]
https://phinf.pstatic.net/tvcast/20190619_78/kwCJz_1560925399395P4U4B_PNG/1560925389359.png?type=u748_420,https://jr.naver.com/s/play_song/view?contentsNo=144450,[트니트니] 트니잠수함 l 교구 활용 영상
https://phinf.pstatic.net/tvcast/20190617_71/8VGDN_15607545995257a9ip_JPEG/1560754512172.jpg?type=u748_420,https://jr.naver.com/s/play_song/view?contentsNo=144281,[트니트니] 산타할아버지는 무엇을 할까? l 스페셜 율동 체조
https://phinf.pstatic.net/tvcast/20190613_269/vROKq_1560394474275MYewm_PNG/1560394224956.png?type=u748_420,https://jr.naver.com/s/play_song/view?contentsNo=144242,두 손 가지고 | 인기동요 | 애창동요 | 놀이동요 [깨비키즈 KEBIKIDS]
https://phinf.pstatic.net/tvcast/20190614_269/DpmDm_1560491428659qRcJ9_JPEG/1560491390170.jpg?type=u748_420,https://jr.naver.com/s/play_song/view?contentsNo=144124,[누리놀이/안전교육] 황사를 조심해요 / Watch out for yellow dust. / 小心沙尘暴
https://phinf.pstatic.net/tvcast/20190614_41/wFO1L_1560478437037XJB38_JPEG/1560478363522.jpg?type=u748_420,https://jr.naver.com/s/play_song/view?contentsNo=144101,[트니트니] 야채가 좋아 l 생활습관 율동 체조
https://phinf.pstatic.net/tvcast/20190613_236/EAkFo_1560412076116qA40W_JPEG/1560412073502.jpg?type=u748_420,https://jr.naver.com/s/play_song/view?contentsNo=144075,"[스마트콩콩체조/튼튼해지는체조]  Yes, I Can"
https://phinf.pstatic.net/tvcast/20190611_262/9VO9d_1560221435061beSfd_JPEG/1560221356843.jpg?type=u748_420,https://jr.naver.com/s/play_song/view?contentsNo=143913,[트니트니] 치카치카 대장 l 스페셜 율동 체조
https://phinf.pstatic.net/tvcast/20190610_46/M6Nhb_1560146519002OfHt1_JPEG/1560146470162.jpg?type=u748_420,https://jr.naver.com/s/play_song/view?contentsNo=143828,[트니트니] 트니 프렌즈! 디스코 l 율동 애니메이션
https://phinf.pstatic.net/tvcast/20190607_43/trZGW_15598876130551XMBd_PNG/1559887316939.png?type=u748_420,https://jr.naver.com/s/play_song/view?contentsNo=143791,누구하고 노나 | 인기동요 | 애창동요 | 놀이동요 [깨비키즈 KEBIKIDS]
https://phinf.pstatic.net/tvcast/20190607_82/3hckf_1559885337909iGJ5n_PNG/1559885054431.png?type=u748_420,https://jr.naver.com/s/play_song/view?contentsNo=143724,종이접기 | 색종이 | 미술놀이 | 인기동요 | 놀이동요 [깨비키즈 KEBIKIDS]
https://phinf.pstatic.net/tvcast/20190604_77/jTt78_1559626351291E9pCn_JPEG/1559626296609.jpg?type=u748_420,https://jr.naver.com/s/play_song/view?contentsNo=143399,[트니트니] 트니프렌즈! 슈퍼스타 l 율동애니메이션
https://phinf.pstatic.net/tvcast/20190531_246/kmap9_1559285676821BjmQr_JPEG/1559285599272.jpg?type=u748_420,https://jr.naver.com/s/play_song/view?contentsNo=143128,[스마트콩콩체조/똑똑해지는체조] 만나요 체조 / gymnastics / 见面吧体操
https://phinf.pstatic.net/tvcast/20190530_131/pSKyz_1559206027974T5tgy_JPEG/1559205949745.jpg?type=u748_420,https://jr.naver.com/s/play_song/view?contentsNo=143073,[트니트니] 감기에 걸렸네 l 생활습관 율동 체조
https://jr.naver.com/assets/img/transparent_374_210.png,https://jr.naver.com/s/play_song/view?contentsNo=142988,[트니트니] 착한 트니친구들 l 스페셜 율동 체조
https://jr.naver.com/assets/img/transparent_374_210.png,https://jr.naver.com/s/play_song/view?contentsNo=142936,[트니트니] 트니프렌즈모래놀이세트 l 교구 활용 영상
https://jr.naver.com/assets/img/transparent_374_210.png,https://jr.naver.com/s/play_song/view?contentsNo=142845,[스마트콩콩체조/머리가똑똑해지는체조] 호이호잇!
https://jr.naver.com/assets/img/transparent_374_210.png,https://jr.naver.com/s/play_song/view?contentsNo=142681,[트니트니] 해님과 놀자 l 자연 친구들 율동체조
https://jr.naver.com/assets/img/transparent_374_210.png,https://jr.naver.com/s/play_song/view?contentsNo=142416,[트니트니] 울랄라 l 율동애니메이션
https://jr.naver.com/assets/img/transparent_374_210.png,https://jr.naver.com/s/play_song/view?contentsNo=142379,[스마트콩콩체조/똑똑해지는체조] 꼼지락 손가락
https://jr.naver.com/assets/img/transparent_374_210.png,https://jr.naver.com/s/play_song/view?contentsNo=142265,[트니트니] 친구들 조심조심 l 스페셜 율동체조
https://jr.naver.com/assets/img/transparent_374_210.png,https://jr.naver.com/s/play_song/view?contentsNo=141635,[스마트콩콩체조/똑똑해지는체조] 뿜빠 뿜빠 내 몸 악기
https://jr.naver.com/assets/img/transparent_374_210.png,https://jr.naver.com/s/play_song/view?contentsNo=141516,[트니트니] 만나서 반가워요 l 트니 프렌즈 율동 애니메이션
https://jr.naver.com/assets/img/transparent_374_210.png,https://jr.naver.com/s/play_song/view?contentsNo=141322,[트니트니] 공룡이 나타났다 l 스페셜 율동 체조
https://jr.naver.com/assets/img/transparent_374_210.png,https://jr.naver.com/s/play_song/view?contentsNo=140839,[트니트니] 사랑해요 엄마 아빠 l 스페셜 율동 체조
https://jr.naver.com/assets/img/transparent_374_210.png,https://jr.naver.com/s/play_song/view?contentsNo=140662,[트니트니] 골고루 먹어요 l 생활습관 율동 체조
https://jr.naver.com/assets/img/transparent_374_210.png,https://jr.naver.com/s/play_song/view?contentsNo=140591,[트니트니] 무지개 나라 l 자연친구들 율동 체조
https://jr.naver.com/assets/img/transparent_374_210.png,https://jr.naver.com/s/play_song/view?contentsNo=140419,[트니트니] 신나는 어린이날 l 스페셜 율동 체조
https://jr.naver.com/assets/img/transparent_374_210.png,https://jr.naver.com/s/play_song/view?contentsNo=140246,[트니트니] 약을 먹어요 l 생활습관 율동 체조
https://jr.naver.com/assets/img/transparent_374_210.png,https://jr.naver.com/s/play_song/view?contentsNo=140245,[트니트니] 2019트니트니 여름학기 교구소개 l 교구 활용 영상
https://jr.naver.com/assets/img/transparent_374_210.png,https://jr.naver.com/s/play_song/view?contentsNo=139996,[트니트니] 먹구름 l 자연친구들 율동 체조
https://jr.naver.com/assets/img/transparent_374_210.png,https://jr.naver.com/s/play_song/view?contentsNo=139917,[트니트니] 잠깐 l 생활습관 율동 체조
https://jr.naver.com/assets/img/transparent_374_210.png,https://jr.naver.com/s/play_song/view?contentsNo=139653,우리 모두 다 함께 [깨비키즈 KEBIKIDS]
https://jr.naver.com/assets/img/transparent_374_210.png,https://jr.naver.com/s/play_song/view?contentsNo=139520,[트니트니] 신나게 놀자 l 스페셜 율동 체조
https://jr.naver.com/assets/img/transparent_374_210.png,https://jr.naver.com/s/play_song/view?contentsNo=84947,돌멩이와 돌멩이 I 겨울학기 I 트니트니 I 율동동요 I 인기동요
https://jr.naver.com/assets/img/transparent_374_210.png,https://jr.naver.com/s/play_song/view?contentsNo=84885,굴러요 I 겨울학기 I 트니트니 I 율동동요 I 인기동요
https://jr.naver.com/assets/img/transparent_374_210.png,https://jr.naver.com/s/play_song/view?contentsNo=82734,배고픈북극곰 I 겨울학기 I 트니트니 I 율동동요 I 인기동요
https://jr.naver.com/assets/img/transparent_374_210.png,https://jr.naver.com/s/play_song/view?contentsNo=81348,마스크와 선크림 I 가을학기 I 트니트니 I 율동동요 I 인기동요 I 생활동요 I 육아
https://jr.naver.com/assets/img/transparent_374_210.png,https://jr.naver.com/s/play_song/view?contentsNo=81316,물을마셔요 I 가을학기 I 트니트니 I 율동동요 I 인기동요 I 생활동요 I 육아
https://jr.naver.com/assets/img/transparent_374_210.png,https://jr.naver.com/s/play_song/view?contentsNo=80887,뚱뚱한 하마 I 가을학기 I 트니트니 I 율동동요 I 인기동요 I 생활동요 I 육아
https://jr.naver.com/assets/img/transparent_374_210.png,https://jr.naver.com/s/play_song/view?contentsNo=80827,손씻기 I 가을학기 I 트니트니 I 율동동요 I 인기동요 I 생활동요 I 육아
https://jr.naver.com/assets/img/transparent_374_210.png,https://jr.naver.com/s/play_song/view?contentsNo=80726,용기송 I 가을학기 I 트니트니 I 율동동요 I 인기동요 I 생활동요 I 육아
https://jr.naver.com/assets/img/transparent_374_210.png,https://jr.naver.com/s/play_song/view?contentsNo=80422,내가해봐요 I 가을학기 I 트니트니 I 율동동요 I 인기동요 I 생활동요 I 육아
https://jr.naver.com/assets/img/transparent_374_210.png,https://jr.naver.com/s/play_song/view?contentsNo=80339,선인장 I 가을학기 I 트니트니 I 율동동요 I 인기동요 I 생활동요 I 육아
https://jr.naver.com/assets/img/transparent_374_210.png,https://jr.naver.com/s/play_song/view?contentsNo=71167,야옹이의 하루 I 여름학기 I 트니트니 I 율동동요 I 인기동요
https://jr.naver.com/assets/img/transparent_374_210.png,https://jr.naver.com/s/play_song/view?contentsNo=71166,만나서 반가워요 I 여름학기 I 트니트니 I 율동동요 I 인기동요
https://jr.naver.com/assets/img/transparent_374_210.png,https://jr.naver.com/s/play_song/view?contentsNo=137374,[트니트니] 2018년 겨울학기 l 챔피언펭귄 l 교구송
https://jr.naver.com/assets/img/transparent_374_210.png,https://jr.naver.com/s/play_song/view?contentsNo=137372,[트니트니] 2018년 겨울학기 l 사운드골대ㅣ교구송
https://jr.naver.com/assets/img/transparent_374_210.png,https://jr.naver.com/s/play_song/view?contentsNo=137027,[트니트니] 스페셜영상 l 친구들 봄이 왔어요!
https://jr.naver.com/assets/img/transparent_374_210.png,https://jr.naver.com/s/play_song/view?contentsNo=137026,[트니트니] 스페셜영상 l 봄 친구들 안녕
https://jr.naver.com/assets/img/transparent_374_210.png,https://jr.naver.com/s/play_song/view?contentsNo=137025,[트니트니] 2018년 겨울학기 l 날아라 거북이 l 교구송
https://jr.naver.com/assets/img/transparent_374_210.png,https://jr.naver.com/s/play_song/view?contentsNo=137024,[트니트니] 2018년 겨울학기 l 부릉부릉 스트레칭 l 생활습관
https://jr.naver.com/assets/img/transparent_374_210.png,https://jr.naver.com/s/play_song/view?contentsNo=136897,[트니트니] 2018년 겨울학기 l 냠냠냠 스트레칭 l 생활습관
https://jr.naver.com/assets/img/transparent_374_210.png,https://jr.naver.com/s/play_song/view?contentsNo=136426,[트니트니] 2018년 겨울학기 l 귤을 먹자 l 생활습관
https://jr.naver.com/assets/img/transparent_374_210.png,https://jr.naver.com/s/play_song/view?contentsNo=136425,[트니트니] 2018년 겨울학기 l 따뜻하게 입자 l 생활습관
https://jr.naver.com/assets/img/transparent_374_210.png,https://jr.naver.com/s/play_song/view?contentsNo=134848,[트니트니] 2018년 가을학기 l 냠냠냠 분리수거 l 생활습관
https://jr.naver.com/assets/img/transparent_374_210.png,https://jr.naver.com/s/play_song/view?contentsNo=134847,노크송 I 여름학기 I 율동동요 I 인기동요 I 생활동요 I 신체발달 I 유아체육 I
https://jr.naver.com/assets/img/transparent_374_210.png,https://jr.naver.com/s/play_song/view?contentsNo=134180,[트니트니] 악어뗴 l 동물율동체조
https://jr.naver.com/assets/img/transparent_374_210.png,https://jr.naver.com/s/play_song/view?contentsNo=133993,[트니트니] 손가락이 싫어 한대요 l 생활습관율동
https://jr.naver.com/assets/img/transparent_374_210.png,https://jr.naver.com/s/play_song/view?contentsNo=133992,김치를 먹어요 I 여름학기 I 율동동요 I 인기동요 I 생활동요 I 신체발달 I 유아체육 I
https://jr.naver.com/assets/img/transparent_374_210.png,https://jr.naver.com/s/play_song/view?contentsNo=133691,내가 해봐요 I 가을학기 I 율동동요 I 인기동요 I 생활동요 I 신체발달 I 유아체육 I
https://jr.naver.com/assets/img/transparent_374_210.png,https://jr.naver.com/s/play_song/view?contentsNo=133688,택배아저씨 고맙습니다 I 가을학기 I 율동동요 I 인기동요 I 생활동요 I 신체발달 I 유아체
https://jr.naver.com/assets/img/transparent_374_210.png,https://jr.naver.com/s/play_song/view?contentsNo=132775,엉덩이 주사 I 겨울학기 I 율동동요 I 인기동요 I 생활동요 I 신체발달 I 유아체육 I
https://jr.naver.com/assets/img/transparent_374_210.png,https://jr.naver.com/s/play_song/view?contentsNo=132643,칭찬해주세요 I 가을학기 I 율동동요 I 인기동요 I 생활동요 I 신체발달 I 유아체육 I
https://jr.naver.com/assets/img/transparent_374_210.png,https://jr.naver.com/s/play_song/view?contentsNo=132168,감기에 걸렸네 I 겨울학기 I 율동동요 I 인기동요 I 생활동요 I 신체발달 I 유아체육 I
https://jr.naver.com/assets/img/transparent_374_210.png,https://jr.naver.com/s/play_song/view?contentsNo=132061,오줌 쏴 I 겨울학기 I 율동동요 I 인기동요 I 생활동요 I 신체발달 I 유아체육 I
https://jr.naver.com/assets/img/transparent_374_210.png,https://jr.naver.com/s/play_song/view?contentsNo=131992,어디서 나는 소리지? I 겨울학기 I 율동동요 I 인기동요 I 생활동요 I 신체발달 I 유아체육 I
https://jr.naver.com/assets/img/transparent_374_210.png,https://jr.naver.com/s/play_song/view?contentsNo=131857,땀이 나 I 겨울학기 I 율동동요 I 인기동요 I 생활동요 I 신체발달 I 유아체육 I
https://jr.naver.com/assets/img/transparent_374_210.png,https://jr.naver.com/s/play_song/view?contentsNo=131185,몬스터도장 I 가을학기 I 율동동요 I 인기동요 I 생활동요 I 신체발달 I 유아체육 I
https://jr.naver.com/assets/img/transparent_374_210.png,https://jr.naver.com/s/play_song/view?contentsNo=131184,몬스터쿵 I 가을학기 I 율동동요 I 인기동요 I 생활동요 I 신체발달 I 유아체육 I
https://jr.naver.com/assets/img/transparent_374_210.png,https://jr.naver.com/s/play_song/view?contentsNo=130752,몬스터뮤직랜턴 I 가을학기 I 율동동요 I 인기동요 I 생활동요 I 신체발달 I 유아체육 I
https://jr.naver.com/assets/img/transparent_374_210.png,https://jr.naver.com/s/play_song/view?contentsNo=130548,손 조심 I 가을학기 I 율동동요 I 인기동요 I 생활동요 I 신체발달 I 유아체육 I
https://jr.naver.com/assets/img/transparent_374_210.png,https://jr.naver.com/s/play_song/view?contentsNo=130379,겨울에도 놀자 I 겨울학기 I 율동동요 I 인기동요 I 생활동요 I 신체발달 I 유아체육 I
https://jr.naver.com/assets/img/transparent_374_210.png,https://jr.naver.com/s/play_song/view?contentsNo=130185,트니캐롤파트1 I 겨울학기 I 율동동요 I 인기동요 I 생활동요 I 신체발달 I 유아체육 I
https://jr.naver.com/assets/img/transparent_374_210.png,https://jr.naver.com/s/play_song/view?contentsNo=129840,Teuni Christmas! I 겨울학기 I 율동동요 I 인기동요 생활동요 I 신체발달 I 유아체육 I
https://jr.naver.com/assets/img/transparent_374_210.png,https://jr.naver.com/s/play_song/view?contentsNo=126828,양보 왕 I 가을학기 I 율동동요 I 인기동요
https://jr.naver.com/assets/img/transparent_374_210.png,https://jr.naver.com/s/play_song/view?contentsNo=126808,말해줘 I 가을학기 I 율동동요 I 인기동요
https://jr.naver.com/assets/img/transparent_374_210.png,https://jr.naver.com/s/play_song/view?contentsNo=122934,무지개 씨앗 I 가을학기 I 율동동요 I 인기동요
https://jr.naver.com/assets/img/transparent_374_210.png,https://jr.naver.com/s/play_song/view?contentsNo=122789,잠깐 I 가을학기 I 율동동요 I 인기동요
https://jr.naver.com/assets/img/transparent_374_210.png,https://jr.naver.com/s/play_song/view?contentsNo=122719,아홉시 I 가을학기 I 트니트니 I 율동동요 I 인기동요
https://jr.naver.com/assets/img/transparent_374_210.png,https://jr.naver.com/s/play_song/view?contentsNo=122556,가을바람 I 가을학기 I 트니트니 I 율동동요 I 인기동요
https://jr.naver.com/assets/img/transparent_374_210.png,https://jr.naver.com/s/play_song/view?contentsNo=122488,축복송 I 가을학기 I 트니트니 I 율동동요 I 인기동요
